"","ID","places","lattitude","longitude"
"1","2014.c.1.1.1","Marbury",32.6744366,-86.4609804741386
"2","2014.c.1.1.2","Allia",50.6335067,5.5746873
"3","2014.c.1.1.2","St. Jerome",51.700908,-2.82197290345481
"4","2014.c.1.1.3","US",39.7837304,-100.445882
"5","2014.c.1.1.7","Minolta",56.9629663,24.13562495
"6","2014.c.1.1.7","Prince William Sound",60.615,-147.1680556
"7","2014.c.1.1.10","Russia",64.6863136,97.7453061
"8","2014.c.1.2.2","the Ottoman Empire's",NA,NA
"9","2014.c.1.2.2","China",35.0000663,104.999955
"10","2014.c.1.2.2","Britain",54.3151594,-1.91815321114879
"11","2014.c.1.2.2","Canada",61.0666922,-107.991707
"12","2014.c.1.2.3","China",35.0000663,104.999955
"13","2014.c.1.2.5","Jackson County",28.9224028,-96.55561
"14","2014.c.1.2.5","U.S.",51.4376108,7.3303862
"15","2014.c.1.2.5","Maine",45.709097,-68.8590201
"16","2014.c.1.2.5","USA",39.7837304,-100.445882
"17","2014.c.1.2.5","St. Louis",38.6280278,-90.1910154
"18","2014.c.1.2.6","Spain",39.3260685,-4.8379791
"19","2014.c.1.2.6","Westphalia",41.7196952,-95.3949545
"20","2014.c.1.2.6","Wellington",-41.2887953,174.7772114
"21","2014.c.1.2.7","Edinburgh",55.9533456,-3.1883749
"22","2014.c.1.2.8","Austria",47.59397,14.12456
"23","2014.c.1.2.8","Nazi Germany",49.4339695,11.1126843
"24","2014.c.1.3.lightning.1.2","Syracuse",43.0481221,-76.1474244
"25","2014.c.1.3.lightning.1.4","Athens",33.9597677,-83.376398
"26","2014.c.1.3.lightning.1.5","Athens",33.9597677,-83.376398
"27","2014.c.1.3.lightning.1.7","Lesbos",39.17584185,25.9989134502324
"28","2014.c.1.3.lightning.2.2","Germany",51.1638175,10.4478313
"29","2014.c.1.3.lightning.2.3","Turkey",38.9597594,34.9249653
"30","2014.c.1.3.lightning.2.4","Moscow",55.625578,37.6063916
"31","2014.c.1.3.lightning.2.8","Serbia",44.02432285,21.076574332099
"32","2014.c.1.3.lightning.3.2","Chicago",41.8755616,-87.6244212
"33","2014.c.1.3.lightning.3.5","California",36.7014631,-118.755997
"34","2014.c.1.3.lightning.3.8","Washington",38.8950368,-77.0365427
"35","2014.c.1.4.1","Iraq",33.0955793,44.1749775
"36","2014.c.1.4.1","Iran",32.6475314,54.5643516
"37","2014.c.1.4.1","North Korea",40.3736611,127.0870417
"38","2014.c.1.4.1","Germany",51.1638175,10.4478313
"39","2014.c.1.4.1","Italy",42.6384261,12.674297
"40","2014.c.1.4.1","Japan",36.5748441,139.2394179
"41","2014.c.1.4.4","China",35.0000663,104.999955
"42","2014.c.1.4.5","Germany",51.1638175,10.4478313
"43","2014.c.1.4.7","Toxophilus",NA,NA
"44","2014.c.1.4.7","Agincourt",48.7323472,6.236384
"45","2014.c.1.extra.1","Buffalo",42.8867166,-78.8783922
"46","2014.c.2.1.1","Bagram",34.9333734,69.2341077
"47","2014.c.2.1.1","Vajryana",NA,NA
"48","2014.c.2.1.1","Tibet",29.8556443,90.8749807
"49","2014.c.2.1.2","Maryland",39.5162401,-76.9382069
"50","2014.c.2.1.3","The Kingdom of God",51.54259515,-0.198289826233065
"51","2014.c.2.1.3","Russia",64.6863136,97.7453061
"52","2014.c.2.1.5","France",46.603354,1.8883335
"53","2014.c.2.1.7","the United Kingdom",52.45777545,-1.86920993821471
"54","2014.c.2.1.10","Ireland",52.865196,-7.9794599
"55","2014.c.2.2.3","Rome",41.8933203,12.4829321
"56","2014.c.2.2.7","Tara",43.0806647,19.3772932
"57","2014.c.2.2.7","Dublin",53.3493795,-6.2605593
"58","2014.c.2.2.8","France",46.603354,1.8883335
"59","2014.c.2.2.8","Khmer Kingdom",NA,NA
"60","2014.c.2.2.8","Cambodia",12.5433216,104.8144914
"61","2014.c.2.3.lightning.1.1","Atlanta",33.7489924,-84.3902644
"62","2014.c.2.3.lightning.1.1","Savannah",32.0790074,-81.0921335
"63","2014.c.2.3.lightning.1.3","Northerners",49.4840531,-2.54770440607157
"64","2014.c.2.3.lightning.1.5","the United States",47.8287874669091,-122.598947831237
"65","2014.c.2.3.lightning.2.3","England",52.5310214,-1.2649062
"66","2014.c.2.3.lightning.2.4","Spain",39.3260685,-4.8379791
"67","2014.c.2.3.lightning.3.7","Acapulco",16.8680495,-99.8940182
"68","2014.c.2.4.1","Springfield",39.7990175,-89.6439575
"69","2014.c.2.4.1","Sunset Strip",34.0938564,-118.376766004617
"70","2014.c.2.4.1","Ohio",40.2253569,-82.6881395
"71","2014.c.2.4.2","U.S.",51.4376108,7.3303862
"72","2014.c.2.4.2","the United States",47.8287874669091,-122.598947831237
"73","2014.c.2.4.2","U.S.",51.4376108,7.3303862
"74","2014.c.2.4.2","Canada",61.0666922,-107.991707
"75","2014.c.2.4.2","U.S.",51.4376108,7.3303862
"76","2014.c.2.4.4","Springfield",39.7990175,-89.6439575
"77","2014.c.2.4.5","U.K.",54.7023545,-3.2765753
"78","2014.c.2.4.6","Germany",51.1638175,10.4478313
"79","2014.c.2.4.7","U.S.",51.4376108,7.3303862
"80","2014.c.2.4.8","McGrain v. Daugherty",NA,NA
"81","2014.c.2.4.8","the Black Hills",-44.1169199,169.9643628
"82","2014.c.3.1.1","England",52.5310214,-1.2649062
"83","2014.c.3.1.4","U.S.",51.4376108,7.3303862
"84","2014.c.3.1.4","Colombia",4.099917,-72.9088133
"85","2014.c.3.1.6","Williston",48.1465457,-103.621814
"86","2014.c.3.1.6","Fargo",46.877229,-96.789821
"87","2014.c.3.1.7","Sudan",34.0678644,-102.524362
"88","2014.c.3.1.8","Lausanne",46.5218269,6.6327025
"89","2014.c.3.1.8","Turkey",38.9597594,34.9249653
"90","2014.c.3.1.9","Dred",44.80559315,-93.3873637562627
"91","2014.c.3.1.10","Cincinnati",39.1014537,-84.5124602
"92","2014.c.3.2.1","Emporia",38.4040054,-96.181623
"93","2014.c.3.2.2","Argun",43.2950455,45.8688918
"94","2014.c.3.2.2","Ussuri",45.9548154,133.6747478
"95","2014.c.3.2.2","Mongolia",46.8250388,103.8499736
"96","2014.c.3.2.2","Kazakhstan",48.1012954,66.7780818
"97","2014.c.3.2.3","Metallurg",55.7694097,38.4685007
"98","2014.c.3.2.4","Spinalonga",35.2977829,25.7380439526535
"99","2014.c.3.2.4","Hawaii",19.5938015,-155.428370097169
"100","2014.c.3.2.5","the Soviet Union",44.423953,34.0547074
"101","2014.c.3.2.6","Xerxes",50.8101536,14.0609472
"102","2014.c.3.2.6","Persia",32.6475314,54.5643516
"103","2014.c.3.2.7","Sirte",31.2059625,16.5836206
"104","2014.c.3.2.7","Libya",26.8234472,18.1236723
"105","2014.c.3.3.lightning.1.7","Sweden",59.6749712,14.5208584
"106","2014.c.3.3.lightning.2.2","Northern Ireland",54.5859836,-6.9591554
"107","2014.c.3.3.lightning.2.8","Britain",54.3151594,-1.91815321114879
"108","2014.c.3.3.lightning.3.1","U.S.",51.4376108,7.3303862
"109","2014.c.3.3.lightning.3.1","St. Petersburg",59.9606739,30.1586551
"110","2014.c.3.3.lightning.3.4","Florida",27.7567667,-81.4639835
"111","2014.c.3.3.lightning.3.6","Washington DC",38.8950368,-77.0365427
"112","2014.c.3.4.1","Paris",48.8588897,2.32004102172008
"113","2014.c.3.4.1","France",46.603354,1.8883335
"114","2014.c.3.4.2","St. Louis",38.6280278,-90.1910154
"115","2014.c.3.4.5","Austria",47.59397,14.12456
"116","2014.c.3.4.5","Italy",42.6384261,12.674297
"117","2014.c.3.4.6","Philadelphia",39.9527237,-75.1635262
"118","2014.c.3.4.6","U.S.",51.4376108,7.3303862
"119","2014.c.3.4.7","Zenobia",39.5286634,-89.5337073
"120","2014.c.3.4.7","Egypt",26.2540493,29.2675469
"121","2014.c.3.4.8","Paris",48.8588897,2.32004102172008
"122","2014.c.3.extra.1","the Soviet Union",44.423953,34.0547074
"123","2014.c.4.1.2","Ohio",40.2253569,-82.6881395
"124","2014.c.4.1.3","Pennsylvania",40.9699889,-77.7278831
"125","2014.c.4.1.6","Waco",31.5491899,-97.1474628
"126","2014.c.4.1.6","Oklahoma City",35.4729886,-97.5170536
"127","2014.c.4.2.2","King of Scotland",56.67256835,-2.82784979666885
"128","2014.c.4.2.3","U.S.",51.4376108,7.3303862
"129","2014.c.4.2.5","Ghana",8.0300284,-1.0800271
"130","2014.c.4.2.5","Nigeria",9.6000359,7.9999721
"131","2014.c.4.2.5","Rhodesia",53.3144605,-1.1531982
"132","2014.c.4.2.5","France",46.603354,1.8883335
"133","2014.c.4.2.7","Lydia",29.92599575,-91.7830901147915
"134","2014.c.4.2.7","Greece",38.9953683,21.9877132
"135","2014.c.4.2.8","Virginia",37.1232245,-78.4927721
"136","2014.c.4.3.lightning.1.1","Britain",54.3151594,-1.91815321114879
"137","2014.c.4.3.lightning.1.3","St. Paul",44.9497487,-93.0931028
"138","2014.c.4.3.lightning.2.1","Jerusalem",31.7788242,35.2257626
"139","2014.c.4.3.lightning.2.3","England",52.5310214,-1.2649062
"140","2014.c.4.3.lightning.3.1","Nirvana",-23.537406,-46.0265136
"141","2014.c.4.3.lightning.3.2","Hindi",-9.9999999,69.9999999
"142","2014.c.4.3.lightning.3.3","India",22.3511148,78.6677428
"143","2014.c.4.3.lightning.3.5","India",22.3511148,78.6677428
"144","2014.c.4.3.lightning.3.7","Ayodha",-20.0674553749812,57.6320939812027
"145","2014.c.4.4.1","Poland",52.215933,19.134422
"146","2014.c.4.4.2","Manzanar",42.0912935,-3.0133208
"147","2014.c.4.4.3","Mecca",21.420847,39.826869
"148","2014.c.4.4.5","the United States",47.8287874669091,-122.598947831237
"149","2014.c.4.4.6","U.S.",51.4376108,7.3303862
"150","2014.c.4.4.7","New York",40.7127281,-74.0060152
"151","2014.c.4.4.8","the Caprivi Strip",NA,NA
"152","2014.c.4.4.8","Namibia",-23.2335499,17.3231107
"153","2014.c.4.4.8","Tanzania",-6.5247123,35.7878438
"154","2014.c.4.extra.1","Hudaybiyyah",NA,NA
"155","2014.c.4.extra.1","Quran",32.1712584845076,35.059863997076
"156","2014.c.5.1.1","South Carolina",33.6874388,-80.4363743
"157","2014.c.5.1.2","Paris",48.8588897,2.32004102172008
"158","2014.c.5.1.5","Dayton",39.7589478,-84.1916069
"159","2014.c.5.1.5","Tennessee",35.7730076,-86.2820081
"160","2014.c.5.1.8","The City of God",51.4515413,0.179048516666667
"161","2014.c.5.1.9","Cuba",23.0131338,-80.8328748
"162","2014.c.5.1.9","Tenochtitlan",19.8251044,-96.9419500190772
"163","2014.c.5.1.9","Mexico",19.4326296,-99.1331785
"164","2014.c.5.1.9","Spain",39.3260685,-4.8379791
"165","2014.c.5.2.2","Pataliputra",13.2780619,78.0427444
"166","2014.c.5.2.2","New Delhi",28.64308585,77.2192670573486
"167","2014.c.5.2.3","Veracruz",19.333333,-96.666667
"168","2014.c.5.2.3","Santa Anna",31.741298,-99.3250979
"169","2014.c.5.2.5","West Virginia",38.4758406,-80.8408415
"170","2014.c.5.2.5","Wisconsin",44.4308975,-89.6884637
"171","2014.c.5.2.8","Japan",36.5748441,139.2394179
"172","2014.c.5.3.lightning.1.3","London",51.5074456,-0.1277653
"173","2014.c.5.3.lightning.2.8","Puritan",39.1586831,-82.4890465
"174","2014.c.5.3.lightning.3.2","England",52.5310214,-1.2649062
"175","2014.c.5.4.1","U.S.",51.4376108,7.3303862
"176","2014.c.5.4.3","Louisiana",30.8703881,-92.007126
"177","2014.c.5.4.4","Rome",41.8933203,12.4829321
"178","2014.c.5.4.4","Attila",37.7697714,-88.7711732
"179","2014.c.5.4.5","America",39.7837304,-100.445882
"180","2014.c.5.4.7","USSR",46.3421653,48.0254474
"181","2014.c.5.4.7","the United States",47.8287874669091,-122.598947831237
"182","2014.c.5.4.8","Cuba",23.0131338,-80.8328748
"183","2014.c.5.4.8","U.S.",51.4376108,7.3303862
"184","2014.c.5.4.8","Puerto Rico",18.2247706,-66.4858295
"185","2015.a.1.1.1","Maryland",39.5162401,-76.9382069
"186","2015.a.1.1.2","Philadelphia",39.9527237,-75.1635262
"187","2015.a.1.1.5","Uranus",44.4222156,26.0820917
"188","2015.a.1.1.5","Konigsberg",54.710128,20.5105838
"189","2015.a.1.1.6","Cleopatra",37.6222682,-87.2927777
"190","2015.a.1.1.8","Hurrem Sultan",52.5032655,13.412501
"191","2015.a.1.1.8","Hungary",47.1817585,19.5060937
"192","2015.a.1.1.8","Baghdad",33.3061701,44.3872213
"193","2015.a.1.1.8","the Ottoman Empire",NA,NA
"194","2015.a.1.1.9","Manila",14.5904492,120.9803621
"195","2015.a.1.1.9","India",22.3511148,78.6677428
"196","2015.a.1.1.9","Liverpool",53.4071991,-2.99168
"197","2015.a.1.1.10","the United States",47.8287874669091,-122.598947831237
"198","2015.a.1.1.10","Lawrence County",41.001415,-80.350071
"199","2015.a.1.2.1","Fort Stanwix",43.21057495,-75.455287308598
"200","2015.a.1.2.1","New York",40.7127281,-74.0060152
"201","2015.a.1.2.5","Casablanca",33.5945144,-7.6200284
"202","2015.a.1.2.7","Minnesota",45.9896587,-94.6113288
"203","2015.a.1.3.lightning.1.3","Consul",49.2958798,-109.5186382
"204","2015.a.1.3.lightning.1.8","Empire",39.7611067,-105.682998
"205","2015.a.1.3.lightning.3.1","Japan",36.5748441,139.2394179
"206","2015.a.1.3.lightning.3.4","Japan",36.5748441,139.2394179
"207","2015.a.1.3.lightning.3.5","Japan",36.5748441,139.2394179
"208","2015.a.1.3.lightning.3.6","Japan",36.5748441,139.2394179
"209","2015.a.1.3.lightning.3.6","Russia",64.6863136,97.7453061
"210","2015.a.1.3.lightning.3.7","Liaodong",43.5368466,123.5592255
"211","2015.a.1.3.lightning.3.7","Japan",36.5748441,139.2394179
"212","2015.a.1.3.lightning.3.8","New Hampshire",43.4849133,-71.6553992
"213","2015.a.1.4.1","Chippenham",51.4587621,-2.1159032
"214","2015.a.1.4.1","Edington",51.2658328,-2.09791972770384
"215","2015.a.1.4.2","Washington",38.8950368,-77.0365427
"216","2015.a.1.4.4","New Jersey",40.0757384,-74.4041622
"217","2015.a.1.4.4","Tennessee",35.7730076,-86.2820081
"218","2015.a.1.4.4","America",39.7837304,-100.445882
"219","2015.a.1.4.5","Taku",33.2885725,130.1100243
"220","2015.a.1.4.5","the H. M. S. Arrow",NA,NA
"221","2015.a.1.4.5","China",35.0000663,104.999955
"222","2015.a.1.4.5","Britain",54.3151594,-1.91815321114879
"223","2015.a.1.4.8","Cuchulain",55.8144338,-4.0730579
"224","2015.a.1.4.8","Dublin",53.3493795,-6.2605593
"225","2015.a.2.1.1","Russia",64.6863136,97.7453061
"226","2015.a.2.1.1","Britain",54.3151594,-1.91815321114879
"227","2015.a.2.1.1","Britain",54.3151594,-1.91815321114879
"228","2015.a.2.1.2","New Orleans",29.9759983,-90.0782127
"229","2015.a.2.1.3","Crito",-27.1747010728159,-51.7384790906094
"230","2015.a.2.1.3","Republic",39.8266503,-97.6580834
"231","2015.a.2.1.4","Charlotte",35.2272086,-80.8430827
"232","2015.a.2.1.4","France",46.603354,1.8883335
"233","2015.a.2.1.6","Hejaz",32.7549202313148,35.7952156768236
"234","2015.a.2.1.6","Islam",38.5752804,40.9736911
"235","2015.a.2.1.6","Mecca",21.420847,39.826869
"236","2015.a.2.1.8","Jerusalem",31.7788242,35.2257626
"237","2015.a.2.1.8","Berlin",52.510885,13.3989367
"238","2015.a.2.1.9","Talbot County",32.6984691,-84.505404
"239","2015.a.2.1.10","Saint Sylvia",27.4279287355218,-99.4630291028393
"240","2015.a.2.1.10","Ecumenical  Patriarch",NA,NA
"241","2015.a.2.1.10","Britain",54.3151594,-1.91815321114879
"242","2015.a.2.2.2","Israel",30.8124247,34.8594762
"243","2015.a.2.2.2","DC",4.6533816,-74.0836333
"244","2015.a.2.2.2","Washington",38.8950368,-77.0365427
"245","2015.a.2.2.2","Colorado",38.7251776,-105.607716
"246","2015.a.2.2.4","Massachusetts",42.3788774,-72.032366
"247","2015.a.2.2.5","Grass",49.6306221,5.8923953
"248","2015.a.2.2.6","Tassilo",53.2490082,10.4076101
"249","2015.a.2.2.6","Bavaria",48.9467562,11.4038717
"250","2015.a.2.2.6","Pannonia",35.9157105,-78.6453065208853
"251","2015.a.2.2.8","Canada",61.0666922,-107.991707
"252","2015.a.2.2.8","Paris",48.8588897,2.32004102172008
"253","2015.a.2.3.lightning.1.1","Cuba",23.0131338,-80.8328748
"254","2015.a.2.3.lightning.1.2","Cuba",23.0131338,-80.8328748
"255","2015.a.2.3.lightning.1.3","Cuba",23.0131338,-80.8328748
"256","2015.a.2.3.lightning.1.5","U.S.",51.4376108,7.3303862
"257","2015.a.2.3.lightning.1.5","Cuba",23.0131338,-80.8328748
"258","2015.a.2.3.lightning.1.8","U.S.",51.4376108,7.3303862
"259","2015.a.2.3.lightning.1.8","Cuba",23.0131338,-80.8328748
"260","2015.a.2.3.lightning.2.1","Massachusetts",42.3788774,-72.032366
"261","2015.a.2.3.lightning.2.3","Yorktown",37.2378875,-76.5080633
"262","2015.a.2.3.lightning.2.4","West Point",41.3558443,-74.0078312251273
"263","2015.a.2.3.lightning.2.5","Camden",39.9448402,-75.1198911
"264","2015.a.2.3.lightning.2.7","Rhode Island",41.7962409,-71.5992372
"265","2015.a.2.3.lightning.2.8","South Carolina",33.6874388,-80.4363743
"266","2015.a.2.3.lightning.3.5","Peru",-6.8699697,-75.0458515
"267","2015.a.2.3.lightning.3.6","Rhodesia",53.3144605,-1.1531982
"268","2015.a.2.3.lightning.3.7","Jordan",44.6663146,-93.6261918
"269","2015.a.2.3.lightning.3.8","St. Louis",38.6280278,-90.1910154
"270","2015.a.2.4.1","Lachrimae",NA,NA
"271","2015.a.2.4.3","London",51.5074456,-0.1277653
"272","2015.a.2.4.4","U.S.",51.4376108,7.3303862
"273","2015.a.2.4.5","Iran",32.6475314,54.5643516
"274","2015.a.2.4.5","Guatemala",15.5855545,-90.345759
"275","2015.a.2.4.6","Psycho",32.0112981627705,-86.4080988308494
"276","2015.a.2.4.8","Whites",-28.0047222,26.9941667
"277","2015.a.2.4.8","Rome",41.8933203,12.4829321
"278","2015.a.3.1.1","Chicago",41.8755616,-87.6244212
"279","2015.a.3.1.3","Manhattan",40.7896239,-73.9598939
"280","2015.a.3.1.6","US",39.7837304,-100.445882
"281","2015.a.3.2.2","Great Britain",54.3151594,-1.91815321114879
"282","2015.a.3.2.3","England",52.5310214,-1.2649062
"283","2015.a.3.2.4","Bilbao",43.2630018,-2.9350039
"284","2015.a.3.2.4","Spain",39.3260685,-4.8379791
"285","2015.a.3.2.6","Arkansas",35.2048883,-92.4479108
"286","2015.a.3.2.8","Netherlands",52.2434979,5.6343227
"287","2015.a.3.3.lightning.1.1","Jerusalem",31.7788242,35.2257626
"288","2015.a.3.3.lightning.1.3","Jerusalem",31.7788242,35.2257626
"289","2015.a.3.3.lightning.1.4","Malta",35.8885993,14.4476911
"290","2015.a.3.3.lightning.1.6","the Kingdom of Jerusalem",31.7713241,35.2165457
"291","2015.a.3.3.lightning.2.1","the United States",47.8287874669091,-122.598947831237
"292","2015.a.3.3.lightning.2.2","US",39.7837304,-100.445882
"293","2015.a.3.3.lightning.2.3","the Soviet Union",44.423953,34.0547074
"294","2015.a.3.3.lightning.2.4","France",46.603354,1.8883335
"295","2015.a.3.3.lightning.2.4","Britain",54.3151594,-1.91815321114879
"296","2015.a.3.3.lightning.2.8","Massachusetts",42.3788774,-72.032366
"297","2015.a.3.3.lightning.3.1","France",46.603354,1.8883335
"298","2015.a.3.3.lightning.3.3","Nebraska",41.7370229,-99.5873816
"299","2015.a.3.4.1","Egypt",26.2540493,29.2675469
"300","2015.a.3.4.1","India",22.3511148,78.6677428
"301","2015.a.3.4.2","Brazil",-10.3333333,-53.2
"302","2015.a.3.4.3","North Carolina’s",35.4930941865484,-82.9594284700628
"303","2015.a.3.4.3","Omaha",41.2587459,-95.9383758
"304","2015.a.3.4.4","Tashkent",41.3123363,69.2787079
"305","2015.a.3.4.4","Jawaharlal",28.54016675,77.1645600539473
"306","2015.a.3.4.5","Wellington",-41.2887953,174.7772114
"307","2015.a.3.4.5","Portugal",39.6621648,-8.1353519
"308","2015.a.3.4.7","Paris",48.8588897,2.32004102172008
"309","2015.a.3.4.7","Lightborn",44.9018832229941,-73.8014294175763
"310","2015.a.3.4.7","Machiavelli",52.5213052,13.385266
"311","2015.a.3.4.8","Antwerp",51.2211097,4.3997081
"312","2015.a.3.4.8","Hamburg",53.550341,10.000654
"313","2015.a.4.1.1","Zurich",47.3744489,8.5410422
"314","2015.a.4.1.1","Munster",51.9625101,7.6251879
"315","2015.a.4.1.2","Moravia",40.891181,-92.8145031
"316","2015.a.4.1.2","Chapelle",46.5859079,6.8365374
"317","2015.a.4.1.2","Habsburg",47.46255525,8.18067965203243
"318","2015.a.4.1.3","Charlemagne",45.72551965,-73.4896922220162
"319","2015.a.4.1.4","New York City",40.7127281,-74.0060152
"320","2015.a.4.1.6","India",22.3511148,78.6677428
"321","2015.a.4.1.7","Southampton County",36.6959378,-77.1586002
"322","2015.a.4.1.7","Virginia",37.1232245,-78.4927721
"323","2015.a.4.1.8","Kentucky",37.5726028,-85.1551411
"324","2015.a.4.1.9","U.S.",51.4376108,7.3303862
"325","2015.a.4.1.9","Virginia",37.1232245,-78.4927721
"326","2015.a.4.2.1","West Germany",50.09803105,8.54633513993708
"327","2015.a.4.2.1","the United States",47.8287874669091,-122.598947831237
"328","2015.a.4.2.1","London",51.5074456,-0.1277653
"329","2015.a.4.2.3","Athens",33.9597677,-83.376398
"330","2015.a.4.2.4","New York City",40.7127281,-74.0060152
"331","2015.a.4.2.6","Utica",43.1009031,-75.2326641
"332","2015.a.4.2.6","Rome",41.8933203,12.4829321
"333","2015.a.4.2.7","Covadonga",22.2694648,-80.8682219
"334","2015.a.4.2.7","El Cid",19.8669008,-98.9274522
"335","2015.a.4.2.7","Ferdinand",38.223944,-86.8622155
"336","2015.a.4.2.7","Spain",39.3260685,-4.8379791
"337","2015.a.4.3.lightning.1.1","France",46.603354,1.8883335
"338","2015.a.4.3.lightning.1.3","Spain",39.3260685,-4.8379791
"339","2015.a.4.3.lightning.1.3","Austria",47.59397,14.12456
"340","2015.a.4.3.lightning.1.4","Spain",39.3260685,-4.8379791
"341","2015.a.4.3.lightning.1.7","Oxfordshire",51.833333,-1.25
"342","2015.a.4.3.lightning.2.1","India",22.3511148,78.6677428
"343","2015.a.4.3.lightning.3.3","Athens",33.9597677,-83.376398
"344","2015.a.4.3.lightning.3.4","Athens",33.9597677,-83.376398
"345","2015.a.4.3.lightning.3.6","Sparta",37.08114525,22.4248617827202
"346","2015.a.4.3.lightning.3.6","Athens",33.9597677,-83.376398
"347","2015.a.4.3.lightning.3.7","Sparta",37.08114525,22.4248617827202
"348","2015.a.4.3.lightning.3.7","Aegospotami",NA,NA
"349","2015.a.4.3.lightning.3.8","Athens",33.9597677,-83.376398
"350","2015.a.4.3.lightning.3.8","Sparta",37.08114525,22.4248617827202
"351","2015.a.4.4.1","the Byzantine Empire",NA,NA
"352","2015.a.4.4.2","The United Kingdom",52.45777545,-1.86920993821471
"353","2015.a.4.4.2","Special Administrative Region",22.350627,114.1849161
"354","2015.a.4.4.2","China",35.0000663,104.999955
"355","2015.a.4.4.3","Nicaragua",12.6090157,-85.2936911
"356","2015.a.4.4.4","El Desdichado",NA,NA
"357","2015.a.4.4.4","Wilfrid",18.2507243,-72.4704886
"358","2015.a.4.4.4","England",52.5310214,-1.2649062
"359","2015.a.4.4.6","Panama",8.559559,-81.1308434
"360","2015.a.4.4.7","Varna",43.2052135,27.8602024522552
"361","2015.a.4.4.7","Vienna",48.2083537,16.3725042
"362","2015.a.4.4.7","Magyar",47.50126265,19.0461337377087
"363","2015.a.4.4.7","Austria",47.59397,14.12456
"364","2015.a.4.4.8","Greenville",34.851354,-82.3984882
"365","2015.a.5.1.1","Josephus",48.2075471,16.2284106
"366","2015.a.5.1.2","Alesia",39.6831584,-76.8288653
"367","2015.a.5.1.2","France",46.603354,1.8883335
"368","2015.a.5.1.5","Turkey",38.9597594,34.9249653
"369","2015.a.5.1.5","the United States",47.8287874669091,-122.598947831237
"370","2015.a.5.1.7","Cuba",23.0131338,-80.8328748
"371","2015.a.5.1.8","Southwark",51.46525455,-0.0690186332146649
"372","2015.a.5.1.9","America",39.7837304,-100.445882
"373","2015.a.5.1.9","Mexico",19.4326296,-99.1331785
"374","2015.a.5.1.9","Florida",27.7567667,-81.4639835
"375","2015.a.5.1.10","Spain",39.3260685,-4.8379791
"376","2015.a.5.2.2","Belgium",50.6402809,4.6667145
"377","2015.a.5.2.3","Lydia",29.92599575,-91.7830901147915
"378","2015.a.5.2.3","the Roman Empire",NA,NA
"379","2015.a.5.2.5","Israel",30.8124247,34.8594762
"380","2015.a.5.2.5","Buenos Aires",-34.6083696,-58.4440583
"381","2015.a.5.2.6","Carson City",39.1663259,-119.7670374
"382","2015.a.5.2.6","Missouri",38.7604815,-92.5617875
"383","2015.a.5.2.6","California",36.7014631,-118.755997
"384","2015.a.5.2.7","Kuwait",29.3796532,47.9734174
"385","2015.a.5.2.8","Portsmouth",50.800031,-1.0906023
"386","2015.a.5.2.8","Puritan",39.1586831,-82.4890465
"387","2015.a.5.3.lightning.1.3","Washington",38.8950368,-77.0365427
"388","2015.a.5.3.lightning.1.8","France",46.603354,1.8883335
"389","2015.a.5.3.lightning.2.3","Jackson",32.2998686,-90.1830408
"390","2015.a.5.3.lightning.2.3","Kentucky",37.5726028,-85.1551411
"391","2015.a.5.3.lightning.2.6","America",39.7837304,-100.445882
"392","2015.a.5.3.lightning.2.8","Kentucky",37.5726028,-85.1551411
"393","2015.a.5.3.lightning.3.1","Israel",30.8124247,34.8594762
"394","2015.a.5.3.lightning.3.3","Israel",30.8124247,34.8594762
"395","2015.a.5.3.lightning.3.4","Israel",30.8124247,34.8594762
"396","2015.a.5.4.1","Spouses",51.9903195,0.817030330658023
"397","2015.a.5.4.1","Tyrrhenus",39.9999743,11.9999826
"398","2015.a.5.4.1","Rome",41.8933203,12.4829321
"399","2015.a.5.4.2","Hawkeye",42.9385533,-91.9509636
"400","2015.a.5.4.3","Port Harcourt",4.7676576,7.0188527
"401","2015.a.5.4.3","Mali Empire",11.3179733,-5.6804819
"402","2015.a.5.4.4","San Lorenzo",42.3832108,9.287966
"403","2015.a.5.4.5","Chenango County",42.4784565,-75.6130279
"404","2015.a.5.4.5","Missouri",38.7604815,-92.5617875
"405","2015.a.5.4.5","Illinois",40.0796606,-89.4337288
"406","2015.a.5.4.5","Carthage",32.1570412,-94.338114
"407","2015.a.5.4.5","Illinois",40.0796606,-89.4337288
"408","2015.a.5.4.6","Alaska",64.4459613,-149.680909
"409","2015.a.5.4.7","Washington Heights",40.8401984,-73.9402214
"410","2015.a.5.4.7","Cleveland",41.4996574,-81.6936772
"411","2015.a.5.4.8","London",51.5074456,-0.1277653
"412","2015.nationals.1.1.1","Midlothian",55.833333,-3.083333
"413","2015.nationals.1.1.2","Gaul",50.1813995,7.6535842
"414","2015.nationals.1.1.3","UK",6.3110548,20.5447525
"415","2015.nationals.1.1.3","the United States",47.8287874669091,-122.598947831237
"416","2015.nationals.1.1.4","Pachacuti",-24.19514115,-65.2830455
"417","2015.nationals.1.1.4","quipu",-0.289555387732035,-78.5436648166441
"418","2015.nationals.1.1.4","South American Empire",NA,NA
"419","2015.nationals.1.1.4","Cusco",-13.5170887,-71.9785356
"420","2015.nationals.1.1.7","Barfleur",49.6706815,-1.2644272
"421","2015.nationals.1.1.7","England",52.5310214,-1.2649062
"422","2015.nationals.1.1.8","Manhattan",40.7896239,-73.9598939
"423","2015.nationals.1.2.1","Morristown",40.7970382,-74.4809868
"424","2015.nationals.1.2.1","Pennsylvania",40.9699889,-77.7278831
"425","2015.nationals.1.2.1","Washington",38.8950368,-77.0365427
"426","2015.nationals.1.2.2","New York",40.7127281,-74.0060152
"427","2015.nationals.1.2.2","New York",40.7127281,-74.0060152
"428","2015.nationals.1.2.3","St. Patrick's Day",52.0460887,-0.7467986
"429","2015.nationals.1.2.3","Braintree",42.2205956,-71.0041229
"430","2015.nationals.1.2.3","U.S.",51.4376108,7.3303862
"431","2015.nationals.1.2.4","Edessa",37.2595198,39.0408174
"432","2015.nationals.1.2.4","France",46.603354,1.8883335
"433","2015.nationals.1.2.4","Damascus",39.2694715,-77.1968940834768
"434","2015.nationals.1.2.7","Baguio",16.4119905,120.5933719
"435","2015.nationals.1.2.7","Palawan",11.0798978,120.937342154741
"436","2015.nationals.1.2.7","Mindanao",7.68977865,125.23653125002
"437","2015.nationals.1.2.7","US",39.7837304,-100.445882
"438","2015.nationals.1.2.7","Philippines",12.7503486,122.7312101
"439","2015.nationals.1.2.8","Kensington",51.4989948,-0.1991229
"440","2015.nationals.1.3.lightning.2.1","Empire",39.7611067,-105.682998
"441","2015.nationals.1.3.lightning.3.1","Australia",-24.7761086,134.755
"442","2015.nationals.1.4.1","California",36.7014631,-118.755997
"443","2015.nationals.1.4.2","Biafra",-0.1496686,35.1927137
"444","2015.nationals.1.4.2","Tristan",38.8025884,-81.2270615
"445","2015.nationals.1.4.2","Kalevala",64.1181318,29.5792636
"446","2015.nationals.1.4.2","Tuonela",52.359359011789,6.63133482409087
"447","2015.nationals.1.4.3","Philadelphia",39.9527237,-75.1635262
"448","2015.nationals.1.4.4","Russia",64.6863136,97.7453061
"449","2015.nationals.1.4.5","Pleroma",33.60387875,-117.13357845
"450","2015.nationals.1.4.5","Sophia",37.7076145,-81.250657
"451","2015.nationals.1.4.7","Hanley",53.026111,-2.1754512
"452","2015.nationals.1.4.7","Portland",45.5202471,-122.674194
"453","2015.nationals.1.4.8","Brighton",50.8214626,-0.1400561
"454","2015.nationals.1.4.8","a united Ireland",54.7023545,-3.2765753
"455","2015.nationals.2.1.1","Trenton",40.2203074,-74.7659
"456","2015.nationals.2.1.1","Delaware",38.6920451,-75.4013315
"457","2015.nationals.2.1.1","Virginian",30.0167287,31.2747494
"458","2015.nationals.2.1.1","the United States'",47.8287874669091,-122.598947831237
"459","2015.nationals.2.1.2","East Germany",51.3152252,9.4785397
"460","2015.nationals.2.1.3","Liverpool",53.4071991,-2.99168
"461","2015.nationals.2.1.3","London",51.5074456,-0.1277653
"462","2015.nationals.2.1.6","Illinois",40.0796606,-89.4337288
"463","2015.nationals.2.1.7","Great Britain",54.3151594,-1.91815321114879
"464","2015.nationals.2.1.8","Truth",51.4908534,-0.22390478617004
"465","2015.nationals.2.1.8","Washington D.C.",38.8950368,-77.0365427
"466","2015.nationals.2.2.1","Pennsylvania",40.9699889,-77.7278831
"467","2015.nationals.2.2.3","Saxony",50.9295798,13.4585052
"468","2015.nationals.2.2.3","Bavaria",48.9467562,11.4038717
"469","2015.nationals.2.2.3","the United Kingdom",52.45777545,-1.86920993821471
"470","2015.nationals.2.2.3","Venice",45.4371908,12.3345898
"471","2015.nationals.2.2.3","England",52.5310214,-1.2649062
"472","2015.nationals.2.2.4","Romulus",42.2222614,-83.3965995
"473","2015.nationals.2.2.4","Naxos",37.8240743,15.2694003
"474","2015.nationals.2.2.4","Athens",33.9597677,-83.376398
"475","2015.nationals.2.2.6","Japan",36.5748441,139.2394179
"476","2015.nationals.2.2.7","Athens",33.9597677,-83.376398
"477","2015.nationals.2.2.7","Persia",32.6475314,54.5643516
"478","2015.nationals.2.2.7","Athens",33.9597677,-83.376398
"479","2015.nationals.2.2.8","US",39.7837304,-100.445882
"480","2015.nationals.2.2.8","California",36.7014631,-118.755997
"481","2015.nationals.2.3.lightning.1.4","Marbury",32.6744366,-86.4609804741386
"482","2015.nationals.2.3.lightning.1.5","United States",39.7837304,-100.445882
"483","2015.nationals.2.3.lightning.1.7","Ohio",40.2253569,-82.6881395
"484","2015.nationals.2.3.lightning.2.1","China",35.0000663,104.999955
"485","2015.nationals.2.3.lightning.2.3","China",35.0000663,104.999955
"486","2015.nationals.2.3.lightning.2.4","Korea",37.9528488,126.733117108793
"487","2015.nationals.2.3.lightning.2.7","the Boxer Rebellion",NA,NA
"488","2015.nationals.2.3.lightning.3.1","Chernobyl",51.2705477,30.2195609
"489","2015.nationals.2.3.lightning.3.2","Russia",64.6863136,97.7453061
"490","2015.nationals.2.3.lightning.3.2","South Ossetia",42.3476344,44.0979465
"491","2015.nationals.2.3.lightning.3.3","USSR",46.3421653,48.0254474
"492","2015.nationals.2.3.lightning.3.4","Stalingrad",48.8842416,2.3670741
"493","2015.nationals.2.3.lightning.3.7","Romania",45.9852129,24.6859225
"494","2015.nationals.2.4.1","Salisbury",51.0690613,-1.7954134
"495","2015.nationals.2.4.1","Essex County",44.0638879,-73.7542043
"496","2015.nationals.2.4.1","Virginian",30.0167287,31.2747494
"497","2015.nationals.2.4.1","France",46.603354,1.8883335
"498","2015.nationals.2.4.1","Massachusetts",42.3788774,-72.032366
"499","2015.nationals.2.4.1","Massachusetts",42.3788774,-72.032366
"500","2015.nationals.2.4.2","Jaffa",32.0443395,34.7509908
"501","2015.nationals.2.4.2","Israel",30.8124247,34.8594762
"502","2015.nationals.2.4.3","Rome",41.8933203,12.4829321
"503","2015.nationals.2.4.3","Wessex",35.8275458,-78.7792393947008
"504","2015.nationals.2.4.4","Las Meninas",40.5373265481094,-3.63763582886597
"505","2015.nationals.2.4.7","Damascus",39.2694715,-77.1968940834768
"506","2015.nationals.2.4.7","Bayezid",41.01027765,28.9653859292697
"507","2015.nationals.2.4.7","Ankara",39.7160439,32.7059948
"508","2015.nationals.2.4.7","Tokhtamysh",NA,NA
"509","2015.nationals.2.4.7","Samarkand",39.6550017,66.9756954
"510","2015.nationals.2.4.8","Brazil",-10.3333333,-53.2
"511","2015.nationals.2.extra.1","France",46.603354,1.8883335
"512","2015.nationals.2.extra.1","Portugal",39.6621648,-8.1353519
"513","2015.nationals.3.1.3","Fort McHenry",39.2637078,-76.5803245287401
"514","2015.nationals.3.1.4","Edinburgh",55.9533456,-3.1883749
"515","2015.nationals.3.1.5","Indiana",40.3270127,-86.1746933
"516","2015.nationals.3.1.6","Baghdad",33.3061701,44.3872213
"517","2015.nationals.3.1.6","Hungary",47.1817585,19.5060937
"518","2015.nationals.3.1.8","Maryam",11.545287,39.6306252
"519","2015.nationals.3.1.8","Nasrid",36.7438665,-3.5894826
"520","2015.nationals.3.1.8","’s Alhambra",37.17605995,-3.58811027732793
"521","2015.nationals.3.1.8","Spain",39.3260685,-4.8379791
"522","2015.nationals.3.2.1","the “Island of Thieves",NA,NA
"523","2015.nationals.3.2.2","Massachusetts",42.3788774,-72.032366
"524","2015.nationals.3.2.4","Tangentopoli",NA,NA
"525","2015.nationals.3.2.4","Nicomedia",40.7721138,29.9505623
"526","2015.nationals.3.2.5","McKinley",35.6438394,-108.1515609
"527","2015.nationals.3.2.5","Havana Harbor",44.384111,-68.20313
"528","2015.nationals.3.2.6","the Persian Empire",52.9546334,-1.15261195374038
"529","2015.nationals.3.2.8","the United States",47.8287874669091,-122.598947831237
"530","2015.nationals.3.2.8","Kuwait",29.3796532,47.9734174
"531","2015.nationals.3.3.lightning.1.1","US",39.7837304,-100.445882
"532","2015.nationals.3.3.lightning.1.5","U.S.",51.4376108,7.3303862
"533","2015.nationals.3.3.lightning.2.2","Menlo Park",37.4519671,-122.177992
"534","2015.nationals.3.3.lightning.2.3","Belgrade",44.8178131,20.4568974
"535","2015.nationals.3.3.lightning.3.3","Arsuf",32.19521,34.8066381
"536","2015.nationals.3.3.lightning.3.4","Jerusalem",31.7788242,35.2257626
"537","2015.nationals.3.3.lightning.3.7","Jerusalem",31.7788242,35.2257626
"538","2015.nationals.3.4.1","Michigan",43.6211955,-84.6824346
"539","2015.nationals.3.4.1","Los Angeles",34.0536909,-118.242766
"540","2015.nationals.3.4.4","Rano  Raraku",-27.1220834,-109.2884993
"541","2015.nationals.3.4.5","Paris",48.8588897,2.32004102172008
"542","2015.nationals.3.4.5","Cambodia",12.5433216,104.8144914
"543","2015.nationals.3.4.6","Sarajevo",43.8519774,18.3866868
"544","2015.nationals.3.4.7","gematria",NA,NA
"545","2015.nationals.3.4.7","Hollywood",34.0980031,-118.329523
"546","2015.nationals.4.1.1","Kinsale",51.705737,-8.5229823
"547","2015.nationals.4.1.2","Stolbovo",56.627701,28.629601
"548","2015.nationals.4.1.2","Russia",64.6863136,97.7453061
"549","2015.nationals.4.1.3","Virginia",37.1232245,-78.4927721
"550","2015.nationals.4.1.4","England",52.5310214,-1.2649062
"551","2015.nationals.4.1.4","St. John's",47.5614705,-52.7126162
"552","2015.nationals.4.1.4","Labrador",55,-69
"553","2015.nationals.4.1.6","Lusiads",NA,NA
"554","2015.nationals.4.1.6","Aeneas",48.5473813,-118.9786447
"555","2015.nationals.4.1.7","Uganda",1.5333554,32.2166578
"556","2015.nationals.4.2.2","America",39.7837304,-100.445882
"557","2015.nationals.4.2.3","France",46.603354,1.8883335
"558","2015.nationals.4.2.4","Moscow",55.625578,37.6063916
"559","2015.nationals.4.2.4","Russia",64.6863136,97.7453061
"560","2015.nationals.4.2.5","Italy",42.6384261,12.674297
"561","2015.nationals.4.2.5","Trebia",45.8644636075321,9.00247604507614
"562","2015.nationals.4.2.6","Greenwich Village",40.7319802,-73.9965658
"563","2015.nationals.4.3.lightning.1.1","Washington",38.8950368,-77.0365427
"564","2015.nationals.4.3.lightning.1.1","DC",4.6533816,-74.0836333
"565","2015.nationals.4.3.lightning.1.1","the United States",47.8287874669091,-122.598947831237
"566","2015.nationals.4.3.lightning.1.2","America",39.7837304,-100.445882
"567","2015.nationals.4.3.lightning.1.8","the United States",47.8287874669091,-122.598947831237
"568","2015.nationals.4.3.lightning.2.5","Britain",54.3151594,-1.91815321114879
"569","2015.nationals.4.3.lightning.2.6","Pressburg",48.1516988,17.1093063
"570","2015.nationals.4.3.lightning.2.8","Italy",42.6384261,12.674297
"571","2015.nationals.4.3.lightning.3.8","Hiroshima",34.3917241,132.4517589
"572","2015.nationals.4.4.1","Malta",35.8885993,14.4476911
"573","2015.nationals.4.4.2","U.S.",51.4376108,7.3303862
"574","2015.nationals.4.4.2","the Republic of Texas",32.3814205,-97.3352431421405
"575","2015.nationals.4.4.3","Nutopia",53.5531507,-1.48399306760234
"576","2015.nationals.4.4.3","Beatle",32.2658309475257,-88.398693120489
"577","2015.nationals.4.4.3","Imagine",51.90180585,4.51121558073102
"578","2015.nationals.4.4.4","Hodegetria",42.290572,20.8937361940783
"579","2015.nationals.4.4.5","Brothers",43.8137417,-120.6033306
"580","2015.nationals.4.4.5","North Korea",40.3736611,127.0870417
"581","2015.nationals.4.4.6","Spain",39.3260685,-4.8379791
"582","2015.nationals.4.4.7","Takezaki Suenaga",NA,NA
"583","2015.nationals.5.1.1","Hughenden Manor",51.65029455,-0.756884060280932
"584","2015.nationals.5.1.1","Coningsby",53.088725,-0.163062418155897
"585","2015.nationals.5.1.1","India",22.3511148,78.6677428
"586","2015.nationals.5.1.2","Subang",-6.49838875,107.739546013554
"587","2015.nationals.5.1.4","Camulodunum",51.8896903,0.8994651
"588","2015.nationals.5.2.1","Lake Chagan",49.9354818,79.0084719972684
"589","2015.nationals.5.2.2","Sweden",59.6749712,14.5208584
"590","2015.nationals.5.2.2","King Hrothgar",NA,NA
"591","2015.nationals.5.2.3","America",39.7837304,-100.445882
"592","2015.nationals.5.3.lightning.1.7","Boston",42.3554334,-71.060511
"593","2015.nationals.5.3.lightning.2.1","Tenochtitlan",19.8251044,-96.9419500190772
"594","2015.nationals.5.3.lightning.2.6","Tenochtitlan",19.8251044,-96.9419500190772
"595","2015.nationals.5.3.lightning.3.5","Weisswurst",48.3482914215403,10.5924187609297
"596","2015.nationals.5.3.lightning.3.7","lima",-12.0621065,-77.0365256
"597","2015.nationals.5.4.1","Baltimore",39.2908816,-76.610759
"598","2015.nationals.5.4.1","Maryland",39.5162401,-76.9382069
"599","2015.nationals.5.4.2","New Zealand",-41.5000831,172.8344077
"600","2015.nationals.5.4.3","Germany",51.1638175,10.4478313
"601","2015.nationals.5.4.3","Cambridge",52.2055314,0.1186637
"602","2015.nationals.5.4.4","New Jersey",40.0757384,-74.4041622
"603","2015.nationals.5.4.5","Ferdinand",38.223944,-86.8622155
"604","2015.nationals.5.4.6","India",22.3511148,78.6677428
"605","2015.nationals.5.4.7","South Africa",-28.8166236,24.991639
"606","2015.nationals.5.4.7","Oslo",59.9133301,10.7389701
"607","2015.nationals.5.4.7","Stockholm",59.3251172,18.0710935
"608","2015.nationals.5.4.8","the United States",47.8287874669091,-122.598947831237
"609","2015.nationals.5.extra.1","San Antonio",29.4246002,-98.4951405
"610","2021.c.1.1.1","Urdu",17.2488259,80.1421979
"611","2021.c.1.1.1","Britain",54.3151594,-1.91815321114879
"612","2021.c.1.1.5","U.S.",51.4376108,7.3303862
"613","2021.c.1.1.5","Talleyrand",30.3596836,-81.6325949
"614","2021.c.1.1.5","U.S.",51.4376108,7.3303862
"615","2021.c.1.1.5","Louisiana",30.8703881,-92.007126
"616","2021.c.1.1.5","the United States",47.8287874669091,-122.598947831237
"617","2021.c.1.1.6","Mumtaz",52.2391943,20.9943999
"618","2021.c.1.1.6","Agra",27.1752554,78.0098161
"619","2021.c.1.1.6","India",22.3511148,78.6677428
"620","2021.c.1.1.7","Trebizond",NA,NA
"621","2021.c.1.1.8","France",46.603354,1.8883335
"622","2021.c.1.1.8","Argentina",-34.9964963,-64.9672817
"623","2021.c.1.1.10","Spain",39.3260685,-4.8379791
"624","2021.c.1.1.10","Baetis",47.9008346,1.8888938
"625","2021.c.1.1.10","Bibroci",NA,NA
"626","2021.c.1.1.10","Britannia",55.98214625,-3.17730917323229
"627","2021.c.1.1.10","Alesia",39.6831584,-76.8288653
"628","2021.c.1.2.1","Nazi Germany",49.4339695,11.1126843
"629","2021.c.1.2.1","North Africa",41.36259895,2.15966499042538
"630","2021.c.1.2.1","Sicily",37.587794,14.155048
"631","2021.c.1.2.1","Italy",42.6384261,12.674297
"632","2021.c.1.2.2","Delhi",28.6273928,77.1716954
"633","2021.c.1.2.3","Vermont",44.5990718,-72.5002608
"634","2021.c.1.2.4","McClellan",39.5536938,-80.2850818
"635","2021.c.1.2.5","U.S.",51.4376108,7.3303862
"636","2021.c.1.2.6","Spain",39.3260685,-4.8379791
"637","2021.c.1.2.6","Cuba",23.0131338,-80.8328748
"638","2021.c.1.2.6","Veracruz",19.333333,-96.666667
"639","2021.c.1.2.6","Tenochtitlan",19.8251044,-96.9419500190772
"640","2021.c.1.2.6","the Aztec Empire",NA,NA
"641","2021.c.1.2.7","U.S.",51.4376108,7.3303862
"642","2021.c.1.2.8","Las Vegas",36.1672559,-115.148516
"643","2021.c.1.3.lightning.1.1","U.S.",51.4376108,7.3303862
"644","2021.c.1.3.lightning.1.3","Laos",20.0171109,103.378253
"645","2021.c.1.3.lightning.1.6","U.S.",51.4376108,7.3303862
"646","2021.c.1.3.lightning.1.7","U.S.",51.4376108,7.3303862
"647","2021.c.1.3.lightning.1.8","U.S.",51.4376108,7.3303862
"648","2021.c.1.3.lightning.2.1","Christianize",NA,NA
"649","2021.c.1.3.lightning.3.5","Mesopotamia",34.90348665,42.0588805560066
"650","2021.c.1.3.lightning.3.7","Columbus",39.9622601,-83.0007065
"651","2021.c.1.3.lightning.3.7","Italy",42.6384261,12.674297
"652","2021.c.1.4.1","Missouri",38.7604815,-92.5617875
"653","2021.c.1.4.1","California",36.7014631,-118.755997
"654","2021.c.1.4.2","Atlanta",33.7489924,-84.3902644
"655","2021.c.1.4.2","Georgia",32.3293809,-83.1137366
"656","2021.c.1.4.3","Island",64.9841821,-18.1059013
"657","2021.c.1.4.3","Georgia",32.3293809,-83.1137366
"658","2021.c.1.4.3","U.S.",51.4376108,7.3303862
"659","2021.c.1.4.3","New Jersey",40.0757384,-74.4041622
"660","2021.c.1.4.4","Russia",64.6863136,97.7453061
"661","2021.c.1.4.5","Mombasa",-4.05052,39.667169
"662","2021.c.1.4.5","Nairobi",-1.30261485,36.8288420181373
"663","2021.c.1.4.8","U.S.",51.4376108,7.3303862
"664","2021.c.1.4.8","Louisiana",30.8703881,-92.007126
"665","2021.c.1.4.8","U.S.",51.4376108,7.3303862
"666","2021.c.1.4.8","New Orleans",29.9759983,-90.0782127
"667","2021.c.2.1.1","Ravenna",44.3640607,12.0590094908639
"668","2021.c.2.1.1","San Marino",43.9458623,12.458306
"669","2021.c.2.1.1","Vatican City",41.903411,12.4528527
"670","2021.c.2.1.1","the Roman Empire",NA,NA
"671","2021.c.2.1.2","Lisbon",38.7077507,-9.1365919
"672","2021.c.2.1.2","Germany",51.1638175,10.4478313
"673","2021.c.2.1.4","U.S.",51.4376108,7.3303862
"674","2021.c.2.1.5","Prussia",41.3738765,-94.506357
"675","2021.c.2.1.5","Crimea",51.5073833,-0.132677200000001
"676","2021.c.2.1.5","Yekaterina",44.4296509615622,146.729439268222
"677","2021.c.2.1.6","Iguala",18.3466358,-99.5376944
"678","2021.c.2.1.6","Spain",39.3260685,-4.8379791
"679","2021.c.2.1.6","the United States",47.8287874669091,-122.598947831237
"680","2021.c.2.1.7","France",46.603354,1.8883335
"681","2021.c.2.1.7","America",39.7837304,-100.445882
"682","2021.c.2.1.8","China",35.0000663,104.999955
"683","2021.c.2.1.10","Zabur",13.82752,44.041639
"684","2021.c.2.1.10","Korah",46.5510227,-84.4035193
"685","2021.c.2.2.1","Washington D.C.",38.8950368,-77.0365427
"686","2021.c.2.2.2","Tudor",51.17090965,3.16742818447059
"687","2021.c.2.2.2","England",52.5310214,-1.2649062
"688","2021.c.2.2.3","Himilco",NA,NA
"689","2021.c.2.2.3","Titan",44.4257917,26.162722
"690","2021.c.2.2.3","Boston",42.3554334,-71.060511
"691","2021.c.2.2.3","New York",40.7127281,-74.0060152
"692","2021.c.2.2.4","India",22.3511148,78.6677428
"693","2021.c.2.2.4","Harappan",30.97156505,76.5242079807131
"694","2021.c.2.2.4","Bronze",38.98272245,-95.2682691374047
"695","2021.c.2.2.5","Sicily",37.587794,14.155048
"696","2021.c.2.2.6","Fort Stanwix",43.21057495,-75.455287308598
"697","2021.c.2.2.6","West Point",41.3558443,-74.0078312251273
"698","2021.c.2.2.8","England",52.5310214,-1.2649062
"699","2021.c.2.2.8","U.S.",51.4376108,7.3303862
"700","2021.c.2.3.lightning.1.1","Illinois city",41.3975305,-90.8995898
"701","2021.c.2.3.lightning.1.2","U.S.",51.4376108,7.3303862
"702","2021.c.2.3.lightning.2.2","Austria",47.59397,14.12456
"703","2021.c.2.3.lightning.2.3","Spain",39.3260685,-4.8379791
"704","2021.c.2.3.lightning.2.3","Barcelona",41.3828939,2.1774322
"705","2021.c.2.3.lightning.2.5","Breitenfeld",52.5686016,11.2534292
"706","2021.c.2.3.lightning.2.7","France",46.603354,1.8883335
"707","2021.c.2.3.lightning.2.8","Magdeburg",52.1315889,11.6399609
"708","2021.c.2.3.lightning.3.2","Iraq",33.0955793,44.1749775
"709","2021.c.2.3.lightning.3.4","Egypt",26.2540493,29.2675469
"710","2021.c.2.4.1","Berkeley",37.8708393,-122.272863
"711","2021.c.2.4.1","California",36.7014631,-118.755997
"712","2021.c.2.4.1","the United States",47.8287874669091,-122.598947831237
"713","2021.c.2.4.3","U.S.",51.4376108,7.3303862
"714","2021.c.2.4.3","Florida",27.7567667,-81.4639835
"715","2021.c.2.4.3","the United States",47.8287874669091,-122.598947831237
"716","2021.c.2.4.4","England",52.5310214,-1.2649062
"717","2021.c.2.4.4","Silesia",45.5564801,-108.8413108
"718","2021.c.2.4.4","Prussia",41.3738765,-94.506357
"719","2021.c.2.4.5","Argentina",-34.9964963,-64.9672817
"720","2021.c.2.4.5","Uruguay",-32.8755548,-56.0201525
"721","2021.c.2.4.8","North and South Islands",53.9553220429955,-1.0704241036252
"722","2021.c.2.4.8","Auckland",-36.852095,174.7631803
"723","2021.c.2.4.8","Oceania",-12.7725835,173.7741688
"724","2021.c.2.extra.1","Ignalina",55.3398975,26.1614043
"725","2021.c.2.extra.1","Lithuania",55.3500003,23.7499997
"726","2021.c.2.extra.1","Pripyat",51.8559923321969,25.4326834903218
"727","2021.c.2.extra.1","Ukraine",49.4871968,31.2718321
"728","2021.c.3.1.1","U.S.",51.4376108,7.3303862
"729","2021.c.3.1.1","New York City",40.7127281,-74.0060152
"730","2021.c.3.1.2","Acacus",51.5197046,-0.155575251022898
"731","2021.c.3.1.3","Denmark",55.670249,10.3333283
"732","2021.c.3.1.3","England",52.5310214,-1.2649062
"733","2021.c.3.1.3","Powhatan",37.5531622,-77.9112655
"734","2021.c.3.1.5","Finland",63.2467777,25.9209164
"735","2021.c.3.1.5","Nazi Germany's",NA,NA
"736","2021.c.3.1.6","South Georgia",-54.43393195,-36.4946518633466
"737","2021.c.3.1.6","UK",6.3110548,20.5447525
"738","2021.c.3.1.6","Argentina",-34.9964963,-64.9672817
"739","2021.c.3.1.7","U.S.",51.4376108,7.3303862
"740","2021.c.3.1.7","England",52.5310214,-1.2649062
"741","2021.c.3.1.8","New York",40.7127281,-74.0060152
"742","2021.c.3.1.10","Brazil",-10.3333333,-53.2
"743","2021.c.3.1.10","Spain",39.3260685,-4.8379791
"744","2021.c.3.1.10","Germany",51.1638175,10.4478313
"745","2021.c.3.2.1","Dorchester Heights",-32.9480556,27.9038889
"746","2021.c.3.2.1","Washington",38.8950368,-77.0365427
"747","2021.c.3.2.2","Spain",39.3260685,-4.8379791
"748","2021.c.3.2.2","U.S.",51.4376108,7.3303862
"749","2021.c.3.2.2","Havana Harbor",44.384111,-68.20313
"750","2021.c.3.2.3","UK",6.3110548,20.5447525
"751","2021.c.3.2.5","Greece",38.9953683,21.9877132
"752","2021.c.3.2.5","Chaeronea",38.4949048,22.84833245
"753","2021.c.3.2.6","Washington",38.8950368,-77.0365427
"754","2021.c.3.2.7","Helios",47.6107109,-122.33974380895
"755","2021.c.3.2.7","Tartarus",-41.9380197,146.033523234078
"756","2021.c.3.2.8","Shugendo",NA,NA
"757","2021.c.3.2.8","Osaka",34.6937569,135.5014539
"758","2021.c.3.2.8","Nagasaki",33.1154683,129.7874339
"759","2021.c.3.3.lightning.1.2","Trail",49.0945296,-117.7097659
"760","2021.c.3.3.lightning.1.3","Utah",39.4225192,-111.714358
"761","2021.c.3.3.lightning.1.5","California",36.7014631,-118.755997
"762","2021.c.3.3.lightning.1.5","New Mexico",34.5802074,-105.996047
"763","2021.c.3.3.lightning.1.5","Arizona",34.395342,-111.763275
"764","2021.c.3.3.lightning.1.6","U.S.",51.4376108,7.3303862
"765","2021.c.3.3.lightning.1.8","U.S.",51.4376108,7.3303862
"766","2021.c.3.3.lightning.2.1","the Soviet Union",44.423953,34.0547074
"767","2021.c.3.3.lightning.2.1","Bolsheviks",53.8511458,27.5684639
"768","2021.c.3.3.lightning.2.2","Yekaterinburg",56.839104,60.60825
"769","2021.c.3.3.lightning.2.3","Russia",64.6863136,97.7453061
"770","2021.c.3.3.lightning.2.4","St. Petersburg",59.9606739,30.1586551
"771","2021.c.3.3.lightning.2.4","Bolsheviks",53.8511458,27.5684639
"772","2021.c.3.3.lightning.2.6","Bolsheviks",53.8511458,27.5684639
"773","2021.c.3.3.lightning.2.8","U.S.",51.4376108,7.3303862
"774","2021.c.3.3.lightning.3.3","Southampton County",36.6959378,-77.1586002
"775","2021.c.3.3.lightning.3.3","Virginia",37.1232245,-78.4927721
"776","2021.c.3.3.lightning.3.4","Florida",27.7567667,-81.4639835
"777","2021.c.3.3.lightning.3.4","Muskogee",35.6630196,-95.3927706
"778","2021.c.3.3.lightning.3.6","Jamaica",18.1850507,-77.3947693
"779","2021.c.3.3.lightning.3.7","Florida",27.7567667,-81.4639835
"780","2021.c.3.4.1","Myanmar",17.1750495,95.9999652
"781","2021.c.3.4.2","U.S.",51.4376108,7.3303862
"782","2021.c.3.4.2","Missouri",38.7604815,-92.5617875
"783","2021.c.3.4.3","India",22.3511148,78.6677428
"784","2021.c.3.4.3","Algarve",-30.0344297,-51.0790679
"785","2021.c.3.4.3","Porto",41.1494512,-8.6107884
"786","2021.c.3.4.3","Lisbon",38.7077507,-9.1365919
"787","2021.c.3.4.6","Romania",45.9852129,24.6859225
"788","2021.c.3.4.6","Greece",38.9953683,21.9877132
"789","2021.c.3.4.6","Bulgaria",42.6073975,25.4856617
"790","2021.c.3.4.6","Austria",47.59397,14.12456
"791","2021.c.3.4.6","Hungary",47.1817585,19.5060937
"792","2021.c.3.4.6","Bosnia  ",44.3053476,17.5961467
"793","2021.c.3.4.6","Yugoslavia",23.04123655,-81.526141947349
"794","2021.c.3.4.7","Ptolemy",-68.5494632,-65.9516146
"795","2021.c.3.4.7","Zoroaster",40.117194,-85.5972923
"796","2021.c.3.4.8","Tatyana",30.6395552,77.6377952
"797","2021.c.3.extra.1","England",52.5310214,-1.2649062
"798","2021.c.3.extra.1","UK",6.3110548,20.5447525
"799","2021.c.4.1.2","San Juan",18.38423905,-66.0534399736473
"800","2021.c.4.1.2","the United States",47.8287874669091,-122.598947831237
"801","2021.c.4.1.2","U.S.",51.4376108,7.3303862
"802","2021.c.4.1.3","Hesse",50.6080651,9.0284647
"803","2021.c.4.1.3","Germania",51.1638175,10.4478313
"804","2021.c.4.1.3","Odin",38.617271,-89.0522867
"805","2021.c.4.1.5","the United States",47.8287874669091,-122.598947831237
"806","2021.c.4.1.6","Nizhny Novgorod",56.27692915,43.9212980714943
"807","2021.c.4.1.6","Dearborn",42.3222599,-83.1763145
"808","2021.c.4.1.8","Teotihuacan",19.69335705,-98.883126382207
"809","2021.c.4.1.10","Estonia",58.7523778,25.3319078
"810","2021.c.4.1.10","Ireland",52.865196,-7.9794599
"811","2021.c.4.1.10","U.S.",51.4376108,7.3303862
"812","2021.c.4.1.10","New York",40.7127281,-74.0060152
"813","2021.c.4.1.10","Oneida",43.2144051,-75.4039155
"814","2021.c.4.2.2","Tsushima  Strait",34.0953725822304,129.871472839785
"815","2021.c.4.2.2","Portsmouth",50.800031,-1.0906023
"816","2021.c.4.2.7","Mendoza province",-6.3644584,-77.4278223
"817","2021.c.4.2.8","Rome",41.8933203,12.4829321
"818","2021.c.4.2.8","Byzantium",41.006381,28.9758715
"819","2021.c.4.3.lightning.1.1","the Republic of Texas",32.3814205,-97.3352431421405
"820","2021.c.4.3.lightning.1.2","Texas",31.2638905,-98.5456116
"821","2021.c.4.3.lightning.1.3","the Texan Republic",NA,NA
"822","2021.c.4.3.lightning.1.4","San Antonio",29.4246002,-98.4951405
"823","2021.c.4.3.lightning.1.5","U.S.",51.4376108,7.3303862
"824","2021.c.4.3.lightning.1.5","Texas",31.2638905,-98.5456116
"825","2021.c.4.3.lightning.1.6","the Republic of Texas",32.3814205,-97.3352431421405
"826","2021.c.4.3.lightning.1.7","Texas",31.2638905,-98.5456116
"827","2021.c.4.3.lightning.2.1","Kingdom",54.7023545,-3.2765753
"828","2021.c.4.3.lightning.2.1","Cleopatra",37.6222682,-87.2927777
"829","2021.c.4.3.lightning.2.3","Rome",41.8933203,12.4829321
"830","2021.c.4.3.lightning.2.5","Rome",41.8933203,12.4829321
"831","2021.c.4.3.lightning.3.2","Columbus",39.9622601,-83.0007065
"832","2021.c.4.3.lightning.3.2","New Mexico",34.5802074,-105.996047
"833","2021.c.4.3.lightning.3.2","U.S.",51.4376108,7.3303862
"834","2021.c.4.3.lightning.3.3","U.S.",51.4376108,7.3303862
"835","2021.c.4.3.lightning.3.5","Chiapas",16.5000001,-92.5000001
"836","2021.c.4.4.1","Canada",61.0666922,-107.991707
"837","2021.c.4.4.1","Great Britain",54.3151594,-1.91815321114879
"838","2021.c.4.4.1","the United States",47.8287874669091,-122.598947831237
"839","2021.c.4.4.2","Gaul",50.1813995,7.6535842
"840","2021.c.4.4.3","Skeleton",30.3245724794233,-94.9797129981341
"841","2021.c.4.4.4","the United States",47.8287874669091,-122.598947831237
"842","2021.c.4.4.5","U.S.",51.4376108,7.3303862
"843","2021.c.4.4.5","Canada",61.0666922,-107.991707
"844","2021.c.4.4.7","Athens",33.9597677,-83.376398
"845","2021.c.4.4.7","Sparta",37.08114525,22.4248617827202
"846","2021.c.4.4.8","U.S.",51.4376108,7.3303862
"847","2021.c.4.4.8","Philippines",12.7503486,122.7312101
"848","2021.c.4.4.8","Missouri",38.7604815,-92.5617875
"849","2021.c.4.4.8","Mississippi",32.9715285,-89.7348497
"850","2021.c.4.extra.1","U.S.",51.4376108,7.3303862
"851","2021.c.4.extra.1","the United States's",17.789187,-64.7080574
"852","2021.c.4.extra.1","Grover Cleveland",40.72774485,-73.8482479784381
"853","2021.c.5.1.1","Nepal",28.3780464,83.9999901
"854","2021.c.5.1.3","Japan",36.5748441,139.2394179
"855","2021.c.5.1.3","U.S.",51.4376108,7.3303862
"856","2021.c.5.1.3","Hawaii",19.5938015,-155.428370097169
"857","2021.c.5.1.4","Tilbury",51.4631174,0.3643896
"858","2021.c.5.1.4","Cádiz",36.5297438,-6.2928976
"859","2021.c.5.1.4","Spain",39.3260685,-4.8379791
"860","2021.c.5.1.4","England",52.5310214,-1.2649062
"861","2021.c.5.1.5","U.S.",51.4376108,7.3303862
"862","2021.c.5.1.6","Mexico",19.4326296,-99.1331785
"863","2021.c.5.1.7","the German Empire",-35.30776825,149.1127513863
"864","2021.c.5.1.8","Montagnana",45.2333207,11.4657779
"865","2021.c.5.1.9","Britannia",55.98214625,-3.17730917323229
"866","2021.c.5.1.10","Bingerville",5.3577727,-3.8885591
"867","2021.c.5.2.1","California",36.7014631,-118.755997
"868","2021.c.5.2.1","California",36.7014631,-118.755997
"869","2021.c.5.2.2","St. Louis",38.6280278,-90.1910154
"870","2021.c.5.2.4","Italy",42.6384261,12.674297
"871","2021.c.5.2.5","Ganga",25.7240512,84.1137187
"872","2021.c.5.2.5","Parvati",16.0395701,75.7898501
"873","2021.c.5.2.6","Soviet Republic",27.3432823,117.489688070212
"874","2021.c.5.2.6","Germany",51.1638175,10.4478313
"875","2021.c.5.2.6","Czechoslovakia",48.257918,14.5007688
"876","2021.c.5.2.6","Bavaria",48.9467562,11.4038717
"877","2021.c.5.2.8","Fort Stanwix",43.21057495,-75.455287308598
"878","2021.c.5.2.8","West Point",41.3558443,-74.0078312251273
"879","2021.c.5.3.lightning.1.3","Propaganda",40.7120937,-73.9629898
"880","2021.c.5.3.lightning.1.3","U.S.",51.4376108,7.3303862
"881","2021.c.5.3.lightning.1.6","Washington",38.8950368,-77.0365427
"882","2021.c.5.3.lightning.3.1","Nomadic",7.7846664,4.4860983
"883","2021.c.5.3.lightning.3.6","Jingdezhen",29.3582395,117.2735595
"884","2021.c.5.3.lightning.3.7","Yingzhong",30.19993035,120.358091124662
"885","2021.c.5.4.1","Sparta",37.08114525,22.4248617827202
"886","2021.c.5.4.2","Cuama",40.8008247041112,72.339979130353
"887","2021.c.5.4.2","Namibia",-23.2335499,17.3231107
"888","2021.c.5.4.2","German Empire",52.3850079,9.7471906
"889","2021.c.5.4.2","Mutapa  Empire",NA,NA
"890","2021.c.5.4.2","Zambia",-14.5189121,27.5589884
"891","2021.c.5.4.2","Zimbabwe",-18.4554963,29.7468414
"892","2021.c.5.4.3","Wavre",50.7169694,4.610416
"893","2021.c.5.4.3","Wellington",-41.2887953,174.7772114
"894","2021.c.5.4.4","Paris",48.8588897,2.32004102172008
"895","2021.c.5.4.5","U.S.",51.4376108,7.3303862
"896","2021.c.5.4.5","Kuwait",29.3796532,47.9734174
"897","2021.c.5.4.5","Iraq",33.0955793,44.1749775
"898","2021.c.5.4.7","Oregon",43.9792797,-120.737257
"899","2021.c.5.4.8","Haiti",19.1399952,-72.3570972
"900","2021.c.5.extra.1","U.S.",51.4376108,7.3303862
"901","2021.c.5.extra.1","USSR",46.3421653,48.0254474
"902","2021.c.5.extra.1","Barry  Goldwater",33.57528,-112.57833
"903","2021.a.1.1.2","the United States",47.8287874669091,-122.598947831237
"904","2021.a.1.1.3","Iraq",33.0955793,44.1749775
"905","2021.a.1.1.7","Laos",20.0171109,103.378253
"906","2021.a.1.1.7","Thailand",14.8971921,100.83273
"907","2021.a.1.1.7","Myanmar",17.1750495,95.9999652
"908","2021.a.1.1.7","Canton",40.7985464,-81.3749508
"909","2021.a.1.1.9","Las Vegas",36.1672559,-115.148516
"910","2021.a.1.2.1","the Juliana Republic",NA,NA
"911","2021.a.1.2.1","Brazil",-10.3333333,-53.2
"912","2021.a.1.2.1","Nice",43.7009358,7.2683912
"913","2021.a.1.2.1","France",46.603354,1.8883335
"914","2021.a.1.2.1","the First Italian Republic",NA,NA
"915","2021.a.1.2.2","Oklahoma",34.9550817,-97.2684063
"916","2021.a.1.2.4","the United States",47.8287874669091,-122.598947831237
"917","2021.a.1.2.4","the United States",47.8287874669091,-122.598947831237
"918","2021.a.1.2.5","London",51.5074456,-0.1277653
"919","2021.a.1.2.7","Rome",41.8933203,12.4829321
"920","2021.a.1.2.7","Sicily",37.587794,14.155048
"921","2021.a.1.3.lightning.1.1","Oregon",43.9792797,-120.737257
"922","2021.a.1.3.lightning.1.1","Maine",45.709097,-68.8590201
"923","2021.a.1.3.lightning.1.2","Massachusetts",42.3788774,-72.032366
"924","2021.a.1.3.lightning.1.4","Washington",38.8950368,-77.0365427
"925","2021.a.1.3.lightning.1.4","Oregon",43.9792797,-120.737257
"926","2021.a.1.3.lightning.1.5","Hawaii",19.5938015,-155.428370097169
"927","2021.a.1.3.lightning.1.5","Oregon",43.9792797,-120.737257
"928","2021.a.1.3.lightning.1.6","Oregon",43.9792797,-120.737257
"929","2021.a.1.3.lightning.1.8","Oregon",43.9792797,-120.737257
"930","2021.a.1.3.lightning.2.1","the Soviet Union",44.423953,34.0547074
"931","2021.a.1.3.lightning.2.3","the United States",47.8287874669091,-122.598947831237
"932","2021.a.1.3.lightning.2.4","Crimea",51.5073833,-0.132677200000001
"933","2021.a.1.3.lightning.2.6","USSR",46.3421653,48.0254474
"934","2021.a.1.3.lightning.2.6","China",35.0000663,104.999955
"935","2021.a.1.3.lightning.2.7","Germany",51.1638175,10.4478313
"936","2021.a.1.4.1","Amahl",32.3306885294931,-111.011475052796
"937","2021.a.1.4.2","the Kingdom of  Morocco",52.51307835,13.3978968781105
"938","2021.a.1.4.2","France",46.603354,1.8883335
"939","2021.a.1.4.3","U.S.",51.4376108,7.3303862
"940","2021.a.1.4.4","Saigon",10.7763897,106.7011391
"941","2021.a.1.4.4","Vietnam",15.9266657,107.9650855
"942","2021.a.1.4.5","Alabama",33.2588817,-86.8295337
"943","2021.a.1.4.5","Alabama",33.2588817,-86.8295337
"944","2021.a.1.4.6","Burma",17.1750495,95.9999652
"945","2021.a.1.4.7","U.S.",51.4376108,7.3303862
"946","2021.a.1.4.8","Wendover",51.7676884,-0.7443215
"947","2021.a.1.4.8","Canterbury",51.2800275,1.0802533
"948","2021.a.1.4.8","England",52.5310214,-1.2649062
"949","2021.a.1.extra.1","Panipat",29.3912753,76.9771675
"950","2021.a.1.extra.1","Babur",36.4898622,5.5378293
"951","2021.a.2.1.1","Tupaia",40.8505792,14.2563398
"952","2021.a.2.1.1","Endeavour",52.1597603,-102.6565785
"953","2021.a.2.1.1","New Zealand",-41.5000831,172.8344077
"954","2021.a.2.1.1","Hawaii",19.5938015,-155.428370097169
"955","2021.a.2.1.2","U.S.",51.4376108,7.3303862
"956","2021.a.2.1.2","Louisiana",30.8703881,-92.007126
"957","2021.a.2.1.2","New York",40.7127281,-74.0060152
"958","2021.a.2.1.3","Sinope",41.6476377,34.9560137
"959","2021.a.2.1.3","Russia",64.6863136,97.7453061
"960","2021.a.2.1.6","Sphyrelaton",NA,NA
"961","2021.a.2.1.8","U.S.",51.4376108,7.3303862
"962","2021.a.2.1.8","Cambodia",12.5433216,104.8144914
"963","2021.a.2.1.9","Brazil",-10.3333333,-53.2
"964","2021.a.2.1.10","England",52.5310214,-1.2649062
"965","2021.a.2.2.1","U.S.",51.4376108,7.3303862
"966","2021.a.2.2.3","Callinicus",NA,NA
"967","2021.a.2.2.3","Heliopolis",-10.6753416,-38.2815308
"968","2021.a.2.2.3","Egypt",26.2540493,29.2675469
"969","2021.a.2.2.4","Ohio",40.2253569,-82.6881395
"970","2021.a.2.2.4","Tennessee",35.7730076,-86.2820081
"971","2021.a.2.2.5","Blue Rock",39.8000697,-81.8915241
"972","2021.a.2.2.5","U.S.",51.4376108,7.3303862
"973","2021.a.2.2.5","Virginia",37.1232245,-78.4927721
"974","2021.a.2.2.5","the District of Columbia",38.88905915,-77.0401699800873
"975","2021.a.2.2.6","Bernissart",50.4785984,3.69142600370965
"976","2021.a.2.2.8","Germany",51.1638175,10.4478313
"977","2021.a.2.3.lightning.1.4","Greenwich Village",40.7319802,-73.9965658
"978","2021.a.2.3.lightning.2.8","Wellington",-41.2887953,174.7772114
"979","2021.a.2.3.lightning.3.1","Japan",36.5748441,139.2394179
"980","2021.a.2.3.lightning.3.2","Japan",36.5748441,139.2394179
"981","2021.a.2.3.lightning.3.3","Japan",36.5748441,139.2394179
"982","2021.a.2.3.lightning.3.5","Beijing",40.190632,116.412144
"983","2021.a.2.3.lightning.3.5","China",35.0000663,104.999955
"984","2021.a.2.3.lightning.3.8","China",35.0000663,104.999955
"985","2021.a.2.3.lightning.3.8","Indochina",16.06998735,108.224549851757
"986","2021.a.2.4.1","Tungning Kingdom",NA,NA
"987","2021.a.2.4.1","the Republic of China",22.27565635,114.161415217301
"988","2021.a.2.4.4","Scotland",56.7861112,-4.1140518
"989","2021.a.2.4.5","the Gaza Strip",31.51373035,34.4398270742676
"990","2021.a.2.4.5","West Bank",44.9719278,-93.2463486
"991","2021.a.2.4.5","Israel",30.8124247,34.8594762
"992","2021.a.2.4.6","Virginia",37.1232245,-78.4927721
"993","2021.a.2.4.6","U.S.",51.4376108,7.3303862
"994","2021.a.2.4.7","U.S.",51.4376108,7.3303862
"995","2021.a.2.4.7","Wyoming",43.1700264,-107.568534
"996","2021.a.2.4.7","Idaho",43.6447642,-114.015407
"997","2021.a.2.4.7","Montana",47.3752671,-109.638757
"998","2021.a.2.4.8","Germanic",50.94057185,6.95865837670698
"999","2021.a.2.4.8","Reykjavík",64.145981,-21.9422367
"1000","2021.a.2.extra.1","Moscow",55.625578,37.6063916
"1001","2021.a.2.extra.1","Lithuania",55.3500003,23.7499997
"1002","2021.a.2.extra.1","Latvia",56.8406494,24.7537645
"1003","2021.a.3.1.2","New Jersey",40.0757384,-74.4041622
"1004","2021.a.3.1.3","North Korea",40.3736611,127.0870417
"1005","2021.a.3.1.4","Austria-Hungary",48.257986,14.4992625
"1006","2021.a.3.1.5","Grammys",32.3520448766641,-93.2190713418602
"1007","2021.a.3.1.6","Mindanao",7.68977865,125.23653125002
"1008","2021.a.3.1.9","Sweden",59.6749712,14.5208584
"1009","2021.a.3.1.9","New York",40.7127281,-74.0060152
"1010","2021.a.3.2.1","U.S.",51.4376108,7.3303862
"1011","2021.a.3.2.1","Mexico",19.4326296,-99.1331785
"1012","2021.a.3.2.2","U.S.",51.4376108,7.3303862
"1013","2021.a.3.2.3","Russia",64.6863136,97.7453061
"1014","2021.a.3.2.4","Vietnam",15.9266657,107.9650855
"1015","2021.a.3.2.5","California",36.7014631,-118.755997
"1016","2021.a.3.2.6","Rome",41.8933203,12.4829321
"1017","2021.a.3.2.6","Valentia",39.4697065,-0.3763353
"1018","2021.a.3.2.6","Corduba",-31.4166867,-64.1834193
"1019","2021.a.3.2.6","Toledo",39.8560679,-4.0239568
"1020","2021.a.3.3.lightning.1.4","New York",40.7127281,-74.0060152
"1021","2021.a.3.3.lightning.2.1","Hegemonic",NA,NA
"1022","2021.a.3.3.lightning.2.3","Pupienus",NA,NA
"1023","2021.a.3.3.lightning.2.3","Balbinus",NA,NA
"1024","2021.a.3.3.lightning.2.4","Rome",41.8933203,12.4829321
"1025","2021.a.3.3.lightning.2.7","Rome",41.8933203,12.4829321
"1026","2021.a.3.3.lightning.3.8","Xi'an",34.261004,108.9423363
"1027","2021.a.3.4.2","Morgante",45.5882626,11.3061419
"1028","2021.a.3.4.3","Pliny",38.620364,-81.9873601
"1029","2021.a.3.4.3","Italy",42.6384261,12.674297
"1030","2021.a.3.4.4","Katharina",50.0190467,14.5219993
"1031","2021.a.3.4.5","Iceland",64.9841821,-18.1059013
"1032","2021.a.3.4.5","Sweden",59.6749712,14.5208584
"1033","2021.a.3.4.5","Sicily",37.587794,14.155048
"1034","2021.a.3.4.5","U.S.",51.4376108,7.3303862
"1035","2021.a.3.4.5","Tripoli",32.896672,13.1777923
"1036","2021.a.3.4.6","Irula",43.40580085,-2.69965745
"1037","2021.a.3.4.7","Alton",38.8908583,-90.1843091
"1038","2021.a.3.4.7","Illinois",40.0796606,-89.4337288
"1039","2021.a.3.4.8","Geneva",46.2017559,6.1466014
"1040","2021.a.4.1.1","Richmond",37.5385087,-77.43428
"1041","2021.a.4.1.1","Bacon",31.5555512,-82.4442559
"1042","2021.a.4.1.1","Williamsburg",37.2708788,-76.7074042
"1043","2021.a.4.1.2","Netherlands",52.2434979,5.6343227
"1044","2021.a.4.1.2","Armada",42.8441964,-82.8843722
"1045","2021.a.4.1.3","Harijan",10.8556474,78.1212741
"1046","2021.a.4.1.4","Chalus",45.4657497,3.2098744
"1047","2021.a.4.1.4","France",46.603354,1.8883335
"1048","2021.a.4.1.5","Peru",-6.8699697,-75.0458515
"1049","2021.a.4.1.5","Lima",-12.0621065,-77.0365256
"1050","2021.a.4.2.3","India",22.3511148,78.6677428
"1051","2021.a.4.2.3","Babur",36.4898622,5.5378293
"1052","2021.a.4.2.4","Utah",39.4225192,-111.714358
"1053","2021.a.4.2.4","Jeopardy",38.0549657344429,-122.570786421852
"1054","2021.a.4.2.5","Cebu",10.47,123.83
"1055","2021.a.4.2.6","the United Arab Emirates",38.9449546,-77.0692577119275
"1056","2021.a.4.2.6","Karbala",32.597528,44.015859
"1057","2021.a.4.2.6","Baghdad",33.3061701,44.3872213
"1058","2021.a.4.2.7","New Orleans",29.9759983,-90.0782127
"1059","2021.a.4.2.8","Poisons",-1.2898787,36.7999464
"1060","2021.a.4.2.8","Pythia",-64.53703415,-61.9799380409152
"1061","2021.a.4.3.lightning.1.1","U.S.",51.4376108,7.3303862
"1062","2021.a.4.3.lightning.1.5","Tennessee",35.7730076,-86.2820081
"1063","2021.a.4.3.lightning.1.7","San Antonio",29.4246002,-98.4951405
"1064","2021.a.4.3.lightning.1.8","Tennessee",35.7730076,-86.2820081
"1065","2021.a.4.3.lightning.1.8","Angelina",31.2544545,-94.6181177
"1066","2021.a.4.3.lightning.2.2","Norway",64.5731537,11.5280364395482
"1067","2021.a.4.3.lightning.2.3","Greenland",43.0361995,-70.8328322
"1068","2021.a.4.3.lightning.2.4","Norway",64.5731537,11.5280364395482
"1069","2021.a.4.3.lightning.2.4","Sweden",59.6749712,14.5208584
"1070","2021.a.4.3.lightning.2.4","Denmark",55.670249,10.3333283
"1071","2021.a.4.3.lightning.2.6","Norway",64.5731537,11.5280364395482
"1072","2021.a.4.3.lightning.2.7","Norway",64.5731537,11.5280364395482
"1073","2021.a.4.3.lightning.2.8","Denmark",55.670249,10.3333283
"1074","2021.a.4.3.lightning.2.8","Norway",64.5731537,11.5280364395482
"1075","2021.a.4.3.lightning.2.8","Norway",64.5731537,11.5280364395482
"1076","2021.a.4.3.lightning.3.1","Salisbury",51.0690613,-1.7954134
"1077","2021.a.4.3.lightning.3.2","Zimbabwe",-18.4554963,29.7468414
"1078","2021.a.4.3.lightning.3.4","Zimbabwe",-18.4554963,29.7468414
"1079","2021.a.4.3.lightning.3.5","Zimbabwe",-18.4554963,29.7468414
"1080","2021.a.4.3.lightning.3.6","Zimbabwe",-18.4554963,29.7468414
"1081","2021.a.4.3.lightning.3.7","Zimbabwe",-18.4554963,29.7468414
"1082","2021.a.4.3.lightning.3.8","Zimbabwe",-18.4554963,29.7468414
"1083","2021.a.4.4.1","Minsk",53.9024716,27.5618225
"1084","2021.a.4.4.3","Phoenix",33.4484367,-112.074141
"1085","2021.a.4.4.6","Edinburgh",55.9533456,-3.1883749
"1086","2021.a.4.4.6","Midlothian",55.833333,-3.083333
"1087","2021.a.4.4.7","united Germany",40.7531571,-73.9669398
"1088","2021.a.4.4.8","U.S.",51.4376108,7.3303862
"1089","2021.a.4.4.8","Chicago",41.8755616,-87.6244212
"1090","2021.a.4.extra.1","Japan",36.5748441,139.2394179
"1091","2021.a.4.extra.1","Pyongyang",39.0167979,125.7473609
"1092","2021.a.5.1.1","Quebec",52.4760892,-71.8258668
"1093","2021.a.5.1.1","Massachusetts",42.3788774,-72.032366
"1094","2021.a.5.1.2","Bavaria",48.9467562,11.4038717
"1095","2021.a.5.1.2","Norway",64.5731537,11.5280364395482
"1096","2021.a.5.1.3","Aleutian",54.72093505,-164.040809231358
"1097","2021.a.5.1.3","Alaska",64.4459613,-149.680909
"1098","2021.a.5.1.3","Russia",64.6863136,97.7453061
"1099","2021.a.5.1.4","San Lorenzo",42.3832108,9.287966
"1100","2021.a.5.1.5","Nuwa",49.1103136,6.2483172
"1101","2021.a.5.1.5","Pangu",52.7031548,123.8720533
"1102","2021.a.5.1.5","Phoenix",33.4484367,-112.074141
"1103","2021.a.5.1.6","Ohio",40.2253569,-82.6881395
"1104","2021.a.5.1.7","Kandalanu",NA,NA
"1105","2021.a.5.1.7","Sennacherib",36.3509079298555,43.148895469226
"1106","2021.a.5.1.8","the Soviet Union",44.423953,34.0547074
"1107","2021.a.5.1.8","New Jersey",40.0757384,-74.4041622
"1108","2021.a.5.1.8","Grover",40.8686307,-104.226665
"1109","2021.a.5.1.9","England",52.5310214,-1.2649062
"1110","2021.a.5.1.9","Prussia",41.3738765,-94.506357
"1111","2021.a.5.1.10","the Northwest Territories",69.4508641,-133.0367938
"1112","2021.a.5.2.1","Oklahoma",34.9550817,-97.2684063
"1113","2021.a.5.2.1","U.S.",51.4376108,7.3303862
"1114","2021.a.5.2.2","Canada",61.0666922,-107.991707
"1115","2021.a.5.2.2","Australia",-24.7761086,134.755
"1116","2021.a.5.2.2","New Zealand",-41.5000831,172.8344077
"1117","2021.a.5.2.2","Britain",54.3151594,-1.91815321114879
"1118","2021.a.5.2.2","Britain",54.3151594,-1.91815321114879
"1119","2021.a.5.2.3","America",39.7837304,-100.445882
"1120","2021.a.5.2.4","Palo Alto",37.4443293,-122.1598465
"1121","2021.a.5.2.5","London",51.5074456,-0.1277653
"1122","2021.a.5.2.6","Norway",64.5731537,11.5280364395482
"1123","2021.a.5.2.6","Massachusetts",42.3788774,-72.032366
"1124","2021.a.5.2.6","Augusta",33.4709714,-81.9748429
"1125","2021.a.5.2.8","Numidia",40.879465,-76.4012277117117
"1126","2021.a.5.2.8","Egypt",26.2540493,29.2675469
"1127","2021.a.5.3.lightning.1.5","U.S.",51.4376108,7.3303862
"1128","2021.a.5.3.lightning.2.1","West Africa",47.3138746,5.0488196
"1129","2021.a.5.3.lightning.2.4","Portugal",39.6621648,-8.1353519
"1130","2021.a.5.3.lightning.2.6","India",22.3511148,78.6677428
"1131","2021.a.5.3.lightning.2.7","Malacca",2.3293744,102.2880962
"1132","2021.a.5.3.lightning.2.8","Angola",-11.8775768,17.5691241
"1133","2021.a.5.3.lightning.3.2","Munich",48.1371079,11.5753822
"1134","2021.a.5.3.lightning.3.6","B.C.",55.001251,-125.002441
"1135","2021.a.5.4.1","Xinjiang",42.4804953,85.4633464
"1136","2021.a.5.4.1","the People’s Republic of China",22.46920435,113.99934706224
"1137","2021.a.5.4.2","New York",40.7127281,-74.0060152
"1138","2021.a.5.4.2","Mexico",19.4326296,-99.1331785
"1139","2021.a.5.4.3","New York",40.7127281,-74.0060152
"1140","2021.a.5.4.3","New Jersey",40.0757384,-74.4041622
"1141","2021.a.5.4.3","Colonies",38.9270858,-92.3635075911617
"1142","2021.a.5.4.4","Spain",39.3260685,-4.8379791
"1143","2021.a.5.4.4","Aragon",41.3787291,-0.7639373
"1144","2021.a.5.4.5","Buffalo",42.8867166,-78.8783922
"1145","2021.a.5.4.5","LA",20.0171109,103.378253
"1146","2021.a.5.4.6","the United States",47.8287874669091,-122.598947831237
"1147","2021.a.5.4.8","Gcwihaba",-20.0218355,21.3550964
"1148","2021.a.5.4.8","Angola",-11.8775768,17.5691241
"1149","2021.a.5.4.8","German Empire",52.3850079,9.7471906
"1150","2021.a.5.extra.1","Nazi Germany",49.4339695,11.1126843
"1151","2021.a.5.extra.1","Italy",42.6384261,12.674297
"1152","2022.nationals.1.1.1","Massachusetts",42.3788774,-72.032366
"1153","2022.nationals.1.1.6","the Belgian Congo",-2.9814344,23.8222636
"1154","2022.nationals.1.1.7","Naples",40.8358846,14.2487679
"1155","2022.nationals.1.1.7","Anatolia",38.9519465,35.5012584834076
"1156","2022.nationals.1.1.8","Roxelana",25.7903100055444,-100.190378862717
"1157","2022.nationals.1.1.8","Malta",35.8885993,14.4476911
"1158","2022.nationals.1.1.8","Vienna",48.2083537,16.3725042
"1159","2022.nationals.1.1.8","the Ottoman Empire",NA,NA
"1160","2022.nationals.1.1.9","the United Kingdom",52.45777545,-1.86920993821471
"1161","2022.nationals.1.2.1","Panama",8.559559,-81.1308434
"1162","2022.nationals.1.2.1","Venezuela",8.0018709,-66.1109318
"1163","2022.nationals.1.2.2","Russia",64.6863136,97.7453061
"1164","2022.nationals.1.2.2","Russia",64.6863136,97.7453061
"1165","2022.nationals.1.2.4","Cape Bojador",26.1233266,-14.5005584
"1166","2022.nationals.1.2.4","the west coast of",56,-7
"1167","2022.nationals.1.2.5","U.S.",51.4376108,7.3303862
"1168","2022.nationals.1.2.5","Hamhung",39.9165451,127.5384272
"1169","2022.nationals.1.2.5","Rungrado",-37.5965821194678,144.989888160545
"1170","2022.nationals.1.2.8","San Juan Hill",8.9539311,-79.5820553
"1171","2022.nationals.1.2.8","Puerto Rico",18.2247706,-66.4858295
"1172","2022.nationals.1.3.lightning.1.4","Palo Alto",37.4443293,-122.1598465
"1173","2022.nationals.1.3.lightning.1.5","Durham",54.666667,-1.75
"1174","2022.nationals.1.3.lightning.1.5","North Carolina",35.6729639,-79.0392919
"1175","2022.nationals.1.3.lightning.2.2","Budapest",47.48138955,19.1460941269125
"1176","2022.nationals.1.3.lightning.2.6","Albania",5.7587654,-73.9151617
"1177","2022.nationals.1.3.lightning.2.7","Bulgaria",42.6073975,25.4856617
"1178","2022.nationals.1.3.lightning.3.1","the Roman Empire",NA,NA
"1179","2022.nationals.1.3.lightning.3.2","Hokkaido",43.4519831,142.8197834
"1180","2022.nationals.1.3.lightning.3.2","Honshu",37.4902775,139.835743072772
"1181","2022.nationals.1.3.lightning.3.4","Levant",44.869496,-68.935089
"1182","2022.nationals.1.3.lightning.3.6","England",52.5310214,-1.2649062
"1183","2022.nationals.1.4.2","Liverpool",53.4071991,-2.99168
"1184","2022.nationals.1.4.2","Australia",-24.7761086,134.755
"1185","2022.nationals.1.4.2","New Zealand",-41.5000831,172.8344077
"1186","2022.nationals.1.4.2","Sydney",-33.8698439,151.2082848
"1187","2022.nationals.1.4.4","Bithynia",33.9842581912532,-117.865390048142
"1188","2022.nationals.1.4.4","Livy",48.8707683,2.2883623
"1189","2022.nationals.1.4.4","North Africa",41.36259895,2.15966499042538
"1190","2022.nationals.1.4.4","Zama",35.4886835,139.407691
"1191","2022.nationals.1.4.5","Nebraska",41.7370229,-99.5873816
"1192","2022.nationals.1.4.5","U.S.",51.4376108,7.3303862
"1193","2022.nationals.1.4.6","Bombay",19.08157715,72.886627539649
"1194","2022.nationals.1.4.6","India",22.3511148,78.6677428
"1195","2022.nationals.1.4.6","Pakistan",30.3308401,71.247499
"1196","2022.nationals.1.4.8","North Africa",41.36259895,2.15966499042538
"1197","2022.nationals.1.extra.1","Cairo",30.0443879,31.2357257
"1198","2022.nationals.1.extra.1","Zimbabwe",-18.4554963,29.7468414
"1199","2022.nationals.1.extra.1","Zambia",-14.5189121,27.5589884
"1200","2022.nationals.2.1.1","Michigan",43.6211955,-84.6824346
"1201","2022.nationals.2.1.1","U.S.",51.4376108,7.3303862
"1202","2022.nationals.2.1.2","Queensland",-22.1646782,144.5844903
"1203","2022.nationals.2.1.2","Australia",-24.7761086,134.755
"1204","2022.nationals.2.1.3","Battalia",NA,NA
"1205","2022.nationals.2.1.5","France",46.603354,1.8883335
"1206","2022.nationals.2.1.5","absentia",NA,NA
"1207","2022.nationals.2.1.5","Colonies",38.9270858,-92.3635075911617
"1208","2022.nationals.2.1.5","Great Britain",54.3151594,-1.91815321114879
"1209","2022.nationals.2.1.6","Austria",47.59397,14.12456
"1210","2022.nationals.2.1.8","Edessa",37.2595198,39.0408174
"1211","2022.nationals.2.1.9","Pakistan",30.3308401,71.247499
"1212","2022.nationals.2.1.10","Stasi",59.2900641540089,18.1887606688381
"1213","2022.nationals.2.2.1","California",36.7014631,-118.755997
"1214","2022.nationals.2.2.1","Chicago",41.8755616,-87.6244212
"1215","2022.nationals.2.2.2","Cartimandua",NA,NA
"1216","2022.nationals.2.2.2","Brigantes",48.2087174,16.3934098
"1217","2022.nationals.2.2.2","Caratacus",51.0905083,-3.5868005
"1218","2022.nationals.2.2.2","Boudica",25.7900032,-100.19102435
"1219","2022.nationals.2.2.5","Berlin",52.510885,13.3989367
"1220","2022.nationals.2.2.5","the Democratic Republic of the",-2.9814344,23.8222636
"1221","2022.nationals.2.2.5","Congo",-2.9814344,23.8222636
"1222","2022.nationals.2.2.5","Ethiopia",10.2116702,38.6521203
"1223","2022.nationals.2.2.5","China",35.0000663,104.999955
"1224","2022.nationals.2.2.7","the United States",47.8287874669091,-122.598947831237
"1225","2022.nationals.2.2.8","Taizhou",28.6581723,121.4163876
"1226","2022.nationals.2.2.8","Haozhou",NA,NA
"1227","2022.nationals.2.3.lightning.3.1","Tenochtitlan",19.8251044,-96.9419500190772
"1228","2022.nationals.2.3.lightning.3.5","Tenochtitlan",19.8251044,-96.9419500190772
"1229","2022.nationals.2.4.1","Sweden",59.6749712,14.5208584
"1230","2022.nationals.2.4.2","U.S.",51.4376108,7.3303862
"1231","2022.nationals.2.4.2","U.S.",51.4376108,7.3303862
"1232","2022.nationals.2.4.4","Marian",45.9160611,13.458748
"1233","2022.nationals.2.4.4","Frankfurt",50.1106444,8.6820917
"1234","2022.nationals.2.4.4","Stirling",56.1181242,-3.9360012
"1235","2022.nationals.2.4.5","Germany",51.1638175,10.4478313
"1236","2022.nationals.2.4.7","Greece",38.9953683,21.9877132
"1237","2022.nationals.2.4.7","Corfu",39.591337,19.8596189187339
"1238","2022.nationals.2.4.8","London",51.5074456,-0.1277653
"1239","2022.nationals.2.4.8","Cologne",43.7218277,0.9774958
"1240","2022.nationals.2.extra.1","Mesopotamia",34.90348665,42.0588805560066
"1241","2022.nationals.3.1.1","New York City",40.7127281,-74.0060152
"1242","2022.nationals.3.1.1","Bedloe",40.6897958,-74.0451245295729
"1243","2022.nationals.3.1.1","Island",64.9841821,-18.1059013
"1244","2022.nationals.3.1.1","New York Harbor",43.0820142,-75.1476612
"1245","2022.nationals.3.1.2","Louis",0.4081713,9.432388
"1246","2022.nationals.3.1.2","Fort Caroline",30.386856,-81.5007034
"1247","2022.nationals.3.1.2","St. Bartholomew's",40.75725775,-73.9730372978852
"1248","2022.nationals.3.1.3","Loimologia",NA,NA
"1249","2022.nationals.3.1.3","Salisbury",51.0690613,-1.7954134
"1250","2022.nationals.3.1.3","London",51.5074456,-0.1277653
"1251","2022.nationals.3.1.3","England",52.5310214,-1.2649062
"1252","2022.nationals.3.1.3","Yersinia",NA,NA
"1253","2022.nationals.3.1.4","Quispiguanca",NA,NA
"1254","2022.nationals.3.1.5","Pennsylvania",40.9699889,-77.7278831
"1255","2022.nationals.3.1.5","Arthurdale",39.4950858,-79.8150605
"1256","2022.nationals.3.1.5","West Virginia",38.4758406,-80.8408415
"1257","2022.nationals.3.1.6","Kaaba",50.9022872,14.2866611
"1258","2022.nationals.3.1.7","Armenia",4.536307,-75.6723751
"1259","2022.nationals.3.1.7","Chaeronea",38.4949048,22.84833245
"1260","2022.nationals.3.1.7","Samos",42.730661,-7.3265903
"1261","2022.nationals.3.1.8","Mystique",33.5787499041984,-117.831553335527
"1262","2022.nationals.3.1.8","U.S.",51.4376108,7.3303862
"1263","2022.nationals.3.1.8","the United States",47.8287874669091,-122.598947831237
"1264","2022.nationals.3.1.9","Hartford",41.764582,-72.6908547
"1265","2022.nationals.3.1.10","the Soviet Union",44.423953,34.0547074
"1266","2022.nationals.3.1.10","Billie",31.3206800869965,-94.7799828992057
"1267","2022.nationals.3.2.1","Baltimore",39.2908816,-76.610759
"1268","2022.nationals.3.2.1","Washington",38.8950368,-77.0365427
"1269","2022.nationals.3.2.1","D.C.",38.89384735,-76.9880428191095
"1270","2022.nationals.3.2.2","Second Republic",44.7736222,17.1921158
"1271","2022.nationals.3.2.3","India",22.3511148,78.6677428
"1272","2022.nationals.3.2.3","England",52.5310214,-1.2649062
"1273","2022.nationals.3.2.4","Britain",54.3151594,-1.91815321114879
"1274","2022.nationals.3.2.5","England",52.5310214,-1.2649062
"1275","2022.nationals.3.2.7","Magnesia",38.6125793,27.4333969
"1276","2022.nationals.3.2.7","Xerxes",50.8101536,14.0609472
"1277","2022.nationals.3.2.8","Lombardy",45.5703694,9.7732524
"1278","2022.nationals.3.2.8","Somerset",51.16175085,-3.07538670622275
"1279","2022.nationals.3.3.lightning.1.3","U.S.",51.4376108,7.3303862
"1280","2022.nationals.3.3.lightning.1.7","NRA",49.6239839524151,-114.505748757678
"1281","2022.nationals.3.3.lightning.2.8","Jamaica",18.1850507,-77.3947693
"1282","2022.nationals.3.3.lightning.3.2","Turkey",38.9597594,34.9249653
"1283","2022.nationals.3.3.lightning.3.3","Turkey",38.9597594,34.9249653
"1284","2022.nationals.3.3.lightning.3.8","Dardanelles",40.20917255,26.4413908276163
"1285","2022.nationals.3.3.lightning.3.8","UK",6.3110548,20.5447525
"1286","2022.nationals.3.4.2","Oglala",43.188594,-102.739621
"1287","2022.nationals.3.4.2","the United States's",17.789187,-64.7080574
"1288","2022.nationals.3.4.5","Strood",51.3958567,0.4950799
"1289","2022.nationals.3.4.5","Canterbury",51.2800275,1.0802533
"1290","2022.nationals.3.4.6","Strood",51.3958567,0.4950799
"1291","2022.nationals.3.4.6","Canterbury",51.2800275,1.0802533
"1292","2022.nationals.3.4.7","Chicago",41.8755616,-87.6244212
"1293","2022.nationals.4.1.1","Nanjing",32.0438284,118.7788631
"1294","2022.nationals.4.1.1","Chicago",41.8755616,-87.6244212
"1295","2022.nationals.4.1.3","Greece",38.9953683,21.9877132
"1296","2022.nationals.4.1.4","Germany",51.1638175,10.4478313
"1297","2022.nationals.4.1.4","the United States",47.8287874669091,-122.598947831237
"1298","2022.nationals.4.1.4","the German Empire",-35.30776825,149.1127513863
"1299","2022.nationals.4.1.4","U.S.",51.4376108,7.3303862
"1300","2022.nationals.4.1.5","Adventureland",41.6535342,-93.4981554518202
"1301","2022.nationals.4.1.5","California",36.7014631,-118.755997
"1302","2022.nationals.4.1.5","Florida",27.7567667,-81.4639835
"1303","2022.nationals.4.1.6","Bahamas",24.7736546,-78.0000547
"1304","2022.nationals.4.1.7","United States",39.7837304,-100.445882
"1305","2022.nationals.4.1.8","Jerusalem",31.7788242,35.2257626
"1306","2022.nationals.4.2.2","Magyar",47.50126265,19.0461337377087
"1307","2022.nationals.4.2.2","Krasnoyarsk",56.0091173,92.872586
"1308","2022.nationals.4.2.2","Yekaterinburg",56.839104,60.60825
"1309","2022.nationals.4.2.2","Moscow",55.625578,37.6063916
"1310","2022.nationals.4.2.2","Vladivodstok",NA,NA
"1311","2022.nationals.4.2.3","Colesberg Kopje",NA,NA
"1312","2022.nationals.4.2.4","Boston",42.3554334,-71.060511
"1313","2022.nationals.4.2.5","Wellington",-41.2887953,174.7772114
"1314","2022.nationals.4.2.5","England",52.5310214,-1.2649062
"1315","2022.nationals.4.2.6","Germany",51.1638175,10.4478313
"1316","2022.nationals.4.2.6","Spain",39.3260685,-4.8379791
"1317","2022.nationals.4.2.6","Great Britain",54.3151594,-1.91815321114879
"1318","2022.nationals.4.2.6","Spain",39.3260685,-4.8379791
"1319","2022.nationals.4.2.7","Lucknow",26.8381,80.9346001
"1320","2022.nationals.4.2.7","Burma",17.1750495,95.9999652
"1321","2022.nationals.4.2.7","India",22.3511148,78.6677428
"1322","2022.nationals.4.2.8","France",46.603354,1.8883335
"1323","2022.nationals.4.2.8","Prague",50.0874654,14.4212535
"1324","2022.nationals.4.3.lightning.1.2","Pennsylvania",40.9699889,-77.7278831
"1325","2022.nationals.4.3.lightning.1.2","Valley Forge",40.0970507,-75.4696358
"1326","2022.nationals.4.3.lightning.1.7","Pennsylvania",40.9699889,-77.7278831
"1327","2022.nationals.4.3.lightning.1.8","Connecticut",41.6500201,-72.7342163
"1328","2022.nationals.4.3.lightning.2.1","the Third Republic",32.1111076,118.663717764347
"1329","2022.nationals.4.3.lightning.2.2","the Third Republic",32.1111076,118.663717764347
"1330","2022.nationals.4.3.lightning.2.4","Paris",48.8588897,2.32004102172008
"1331","2022.nationals.4.3.lightning.2.6","France",46.603354,1.8883335
"1332","2022.nationals.4.3.lightning.2.6","UK",6.3110548,20.5447525
"1333","2022.nationals.4.3.lightning.3.1","China",35.0000663,104.999955
"1334","2022.nationals.4.3.lightning.3.3","China",35.0000663,104.999955
"1335","2022.nationals.4.4.1","New York",40.7127281,-74.0060152
"1336","2022.nationals.4.4.1","U.S.",51.4376108,7.3303862
"1337","2022.nationals.4.4.1","UK",6.3110548,20.5447525
"1338","2022.nationals.4.4.2","Messina",38.1937571,15.5542082
"1339","2022.nationals.4.4.3","U.S.",51.4376108,7.3303862
"1340","2022.nationals.4.4.3","Maryland",39.5162401,-76.9382069
"1341","2022.nationals.4.4.3","Laila",11.35,8.65108
"1342","2022.nationals.4.4.5","Burakumin",NA,NA
"1343","2022.nationals.4.4.5","Yubitsume",NA,NA
"1344","2022.nationals.4.4.5","Japan",36.5748441,139.2394179
"1345","2022.nationals.4.4.6","Cabarrus County",35.4045503,-80.564371
"1346","2022.nationals.4.4.6","Siskiyou",41.6862466,-122.5360121
"1347","2022.nationals.4.4.6","Trail",49.0945296,-117.7097659
"1348","2022.nationals.4.4.7","Norway",64.5731537,11.5280364395482
"1349","2022.nationals.4.4.7","Scotland",56.7861112,-4.1140518
"1350","2022.nationals.4.4.7","Great Britain",54.3151594,-1.91815321114879
"1351","2022.nationals.4.4.7","Ireland",52.865196,-7.9794599
"1352","2022.nationals.4.4.8","Moralia",67.003858,14.747325
"1353","2022.nationals.4.extra.1","Suppiluliuma",NA,NA
"1354","2022.nationals.4.extra.1","Akhenaten",30.0589863,31.2249789
"1355","2022.nationals.5.1.1","Ohio",40.2253569,-82.6881395
"1356","2022.nationals.5.1.1","Santa Anna",31.741298,-99.3250979
"1357","2022.nationals.5.1.2","New York",40.7127281,-74.0060152
"1358","2022.nationals.5.1.2","Griswold",41.2347873,-95.1415002
"1359","2022.nationals.5.1.2","Connecticut",41.6500201,-72.7342163
"1360","2022.nationals.5.1.3","Essex",51.77046785,0.464669774123004
"1361","2022.nationals.5.1.3","Greece",38.9953683,21.9877132
"1362","2022.nationals.5.1.3","Turkey",38.9597594,34.9249653
"1363","2022.nationals.5.1.4","Sumitro",-6.35978856444682,106.824615593953
"1364","2022.nationals.5.1.4","Sukarno",-8.5202979,118.263237435042
"1365","2022.nationals.5.1.4","Jakarta",-6.175247,106.8270488
"1366","2022.nationals.5.1.4","Indonesia",-2.4833826,117.8902853
"1367","2022.nationals.5.1.5","Czechoslovakia",48.257918,14.5007688
"1368","2022.nationals.5.2.1","U.S.",51.4376108,7.3303862
"1369","2022.nationals.5.2.2","Brandys",50.8987878,21.000301
"1370","2022.nationals.5.2.3","Zimbabwe",-18.4554963,29.7468414
"1371","2022.nationals.5.2.5","Aeneid",50.5929052,32.3960650731033
"1372","2022.nationals.5.2.5","Aeneas",48.5473813,-118.9786447
"1373","2022.nationals.5.2.7","Ethiopia",10.2116702,38.6521203
"1374","2022.nationals.5.2.7","Israel",30.8124247,34.8594762
"1375","2022.nationals.5.2.8","Menuthias",-18.7782523,47.5951053
"1376","2022.nationals.5.2.8","Oman",21.0000287,57.0036901
"1377","2022.nationals.5.2.8","East Africa",57.719512,11.94776
"1378","2022.nationals.5.2.8","Tanzania",-6.5247123,35.7878438
"1379","2022.nationals.5.3.lightning.1.1","the Soviet Union",44.423953,34.0547074
"1380","2022.nationals.5.3.lightning.1.2","Wisconsin",44.4308975,-89.6884637
"1381","2022.nationals.5.3.lightning.1.2","U.S.",51.4376108,7.3303862
"1382","2022.nationals.5.3.lightning.1.5","U.S.",51.4376108,7.3303862
"1383","2022.nationals.5.3.lightning.1.7","U.S.",51.4376108,7.3303862
"1384","2022.nationals.5.3.lightning.1.8","Yates",42.6444444,-77.112177
"1385","2022.nationals.5.3.lightning.1.8","U.S",51.4376108,7.3303862
"1386","2022.nationals.5.3.lightning.2.2","Rome",41.8933203,12.4829321
"1387","2022.nationals.5.3.lightning.2.6","Rome",41.8933203,12.4829321
"1388","2022.nationals.5.3.lightning.3.2","Alamut",36.44473215,50.5860972895075
"1389","2022.nationals.5.3.lightning.3.5","Jerusalem",31.7788242,35.2257626
"1390","2022.nationals.5.3.lightning.3.8","Jerusalem",31.7788242,35.2257626
"1391","2022.nationals.5.4.3","Malaga",36.7213028,-4.4216366
"1392","2022.nationals.5.4.3","Spain",39.3260685,-4.8379791
"1393","2022.nationals.5.4.4","U.S.",51.4376108,7.3303862
"1394","2022.nationals.5.4.4","China",35.0000663,104.999955
"1395","2022.nationals.5.4.4","the Boxer Rebellion",NA,NA
"1396","2022.nationals.5.4.5","Terra Australis",-54.8331362721829,-68.3534884637886
"1397","2022.nationals.5.4.5","Yaghan",-53.8027028414473,-67.6648551270774
"1398","2022.nationals.5.4.5","Chile",-31.7613365,-71.3187697
"1399","2022.nationals.5.4.5","Argentina",-34.9964963,-64.9672817
"1400","2022.nationals.5.4.6","Newfoundland",49.12119115,-56.640324592625
"1401","2022.nationals.5.4.6","Poland",52.215933,19.134422
"1402","2022.nationals.5.4.7","U.S.",51.4376108,7.3303862
"1403","2022.nationals.5.4.8","France",46.603354,1.8883335
"1404","2022.nationals.5.extra.1","Harlan County",36.8411336,-83.22678
"1405","2022.nationals.5.extra.1","U.S.",51.4376108,7.3303862
